,example_id,predicted_label,real_label,full_ordering,correct
0,dev-data/mutual/dev/dev_1.txt,A,B,"['A', 'B', 'D', 'C']",False
1,dev-data/mutual/dev/dev_10.txt,A,C,"['A', 'D', 'B', 'C']",False
2,dev-data/mutual/dev/dev_100.txt,B,C,"['B', 'D', 'A', 'C']",False
3,dev-data/mutual/dev/dev_101.txt,A,D,"['A', 'C', 'D', 'B']",False
4,dev-data/mutual/dev/dev_102.txt,B,A,"['B', 'C', 'D', 'A']",False
5,dev-data/mutual/dev/dev_103.txt,C,D,"['C', 'B', 'A', 'D']",False
6,dev-data/mutual/dev/dev_104.txt,B,D,"['B', 'D', 'C', 'A']",False
7,dev-data/mutual/dev/dev_105.txt,A,D,"['A', 'C', 'B', 'D']",False
8,dev-data/mutual/dev/dev_106.txt,D,C,"['D', 'B', 'C', 'A']",False
9,dev-data/mutual/dev/dev_107.txt,C,B,"['C', 'A', 'B', 'D']",False
10,dev-data/mutual/dev/dev_108.txt,B,A,"['B', 'A', 'D', 'C']",False
11,dev-data/mutual/dev/dev_109.txt,B,D,"['B', 'A', 'C', 'D']",False
12,dev-data/mutual/dev/dev_11.txt,C,A,"['C', 'D', 'A', 'B']",False
13,dev-data/mutual/dev/dev_110.txt,A,A,"['A', 'C', 'B', 'D']",True
14,dev-data/mutual/dev/dev_111.txt,B,D,"['B', 'A', 'D', 'C']",False
15,dev-data/mutual/dev/dev_112.txt,C,B,"['C', 'A', 'B', 'D']",False
16,dev-data/mutual/dev/dev_113.txt,D,A,"['D', 'C', 'B', 'A']",False
17,dev-data/mutual/dev/dev_114.txt,D,B,"['D', 'A', 'C', 'B']",False
18,dev-data/mutual/dev/dev_115.txt,B,D,"['B', 'A', 'C', 'D']",False
19,dev-data/mutual/dev/dev_116.txt,A,B,"['A', 'B', 'C', 'D']",False
20,dev-data/mutual/dev/dev_117.txt,D,D,"['D', 'A', 'C', 'B']",True
21,dev-data/mutual/dev/dev_118.txt,A,C,"['A', 'D', 'C', 'B']",False
22,dev-data/mutual/dev/dev_119.txt,C,A,"['C', 'A', 'B', 'D']",False
23,dev-data/mutual/dev/dev_12.txt,C,A,"['C', 'D', 'A', 'B']",False
24,dev-data/mutual/dev/dev_120.txt,C,A,"['C', 'B', 'A', 'D']",False
25,dev-data/mutual/dev/dev_121.txt,C,C,"['C', 'B', 'A', 'D']",True
26,dev-data/mutual/dev/dev_122.txt,A,C,"['A', 'D', 'B', 'C']",False
27,dev-data/mutual/dev/dev_123.txt,A,B,"['A', 'C', 'D', 'B']",False
28,dev-data/mutual/dev/dev_124.txt,B,A,"['B', 'D', 'C', 'A']",False
29,dev-data/mutual/dev/dev_125.txt,B,D,"['B', 'A', 'D', 'C']",False
30,dev-data/mutual/dev/dev_126.txt,B,A,"['B', 'A', 'C', 'D']",False
31,dev-data/mutual/dev/dev_127.txt,B,A,"['B', 'A', 'C', 'D']",False
32,dev-data/mutual/dev/dev_128.txt,A,B,"['A', 'B', 'C', 'D']",False
33,dev-data/mutual/dev/dev_129.txt,A,C,"['A', 'C', 'B', 'D']",False
34,dev-data/mutual/dev/dev_13.txt,C,D,"['C', 'B', 'A', 'D']",False
35,dev-data/mutual/dev/dev_130.txt,A,B,"['A', 'D', 'C', 'B']",False
36,dev-data/mutual/dev/dev_131.txt,D,A,"['D', 'C', 'B', 'A']",False
37,dev-data/mutual/dev/dev_132.txt,D,A,"['D', 'B', 'A', 'C']",False
38,dev-data/mutual/dev/dev_133.txt,D,D,"['D', 'A', 'B', 'C']",True
39,dev-data/mutual/dev/dev_134.txt,C,D,"['C', 'D', 'A', 'B']",False
40,dev-data/mutual/dev/dev_135.txt,C,D,"['C', 'D', 'B', 'A']",False
41,dev-data/mutual/dev/dev_136.txt,C,B,"['C', 'A', 'B', 'D']",False
42,dev-data/mutual/dev/dev_137.txt,B,B,"['B', 'A', 'D', 'C']",True
43,dev-data/mutual/dev/dev_138.txt,B,D,"['B', 'A', 'D', 'C']",False
44,dev-data/mutual/dev/dev_139.txt,A,D,"['A', 'B', 'D', 'C']",False
45,dev-data/mutual/dev/dev_14.txt,A,C,"['A', 'D', 'C', 'B']",False
46,dev-data/mutual/dev/dev_140.txt,A,C,"['A', 'C', 'D', 'B']",False
47,dev-data/mutual/dev/dev_141.txt,D,B,"['D', 'A', 'C', 'B']",False
48,dev-data/mutual/dev/dev_142.txt,A,C,"['A', 'D', 'C', 'B']",False
49,dev-data/mutual/dev/dev_143.txt,D,A,"['D', 'B', 'A', 'C']",False
50,dev-data/mutual/dev/dev_144.txt,D,D,"['D', 'B', 'C', 'A']",True
51,dev-data/mutual/dev/dev_145.txt,C,D,"['C', 'A', 'D', 'B']",False
52,dev-data/mutual/dev/dev_146.txt,A,A,"['A', 'C', 'D', 'B']",True
53,dev-data/mutual/dev/dev_147.txt,A,A,"['A', 'D', 'B', 'C']",True
54,dev-data/mutual/dev/dev_148.txt,D,C,"['D', 'C', 'B', 'A']",False
55,dev-data/mutual/dev/dev_149.txt,C,B,"['C', 'B', 'A', 'D']",False
56,dev-data/mutual/dev/dev_15.txt,B,D,"['B', 'A', 'D', 'C']",False
57,dev-data/mutual/dev/dev_150.txt,B,C,"['B', 'C', 'A', 'D']",False
58,dev-data/mutual/dev/dev_151.txt,A,B,"['A', 'B', 'D', 'C']",False
59,dev-data/mutual/dev/dev_152.txt,B,A,"['B', 'A', 'D', 'C']",False
60,dev-data/mutual/dev/dev_153.txt,C,B,"['C', 'D', 'A', 'B']",False
61,dev-data/mutual/dev/dev_154.txt,D,D,"['D', 'C', 'A', 'B']",True
62,dev-data/mutual/dev/dev_155.txt,C,A,"['C', 'B', 'D', 'A']",False
63,dev-data/mutual/dev/dev_156.txt,D,C,"['D', 'C', 'A', 'B']",False
64,dev-data/mutual/dev/dev_157.txt,D,D,"['D', 'C', 'A', 'B']",True
65,dev-data/mutual/dev/dev_158.txt,A,D,"['A', 'C', 'B', 'D']",False
66,dev-data/mutual/dev/dev_159.txt,D,D,"['D', 'A', 'B', 'C']",True
67,dev-data/mutual/dev/dev_16.txt,D,A,"['D', 'A', 'C', 'B']",False
68,dev-data/mutual/dev/dev_160.txt,A,D,"['A', 'D', 'B', 'C']",False
69,dev-data/mutual/dev/dev_161.txt,A,B,"['A', 'D', 'B', 'C']",False
70,dev-data/mutual/dev/dev_162.txt,C,A,"['C', 'B', 'A', 'D']",False
71,dev-data/mutual/dev/dev_163.txt,A,A,"['A', 'B', 'D', 'C']",True
72,dev-data/mutual/dev/dev_164.txt,C,C,"['C', 'A', 'D', 'B']",True
73,dev-data/mutual/dev/dev_165.txt,B,D,"['B', 'A', 'D', 'C']",False
74,dev-data/mutual/dev/dev_166.txt,C,B,"['C', 'A', 'B', 'D']",False
75,dev-data/mutual/dev/dev_167.txt,B,B,"['B', 'C', 'A', 'D']",True
76,dev-data/mutual/dev/dev_168.txt,C,A,"['C', 'B', 'A', 'D']",False
77,dev-data/mutual/dev/dev_169.txt,A,C,"['A', 'C', 'B', 'D']",False
78,dev-data/mutual/dev/dev_17.txt,B,B,"['B', 'A', 'C', 'D']",True
79,dev-data/mutual/dev/dev_170.txt,B,B,"['B', 'A', 'D', 'C']",True
80,dev-data/mutual/dev/dev_171.txt,A,C,"['A', 'D', 'C', 'B']",False
81,dev-data/mutual/dev/dev_172.txt,D,D,"['D', 'C', 'B', 'A']",True
82,dev-data/mutual/dev/dev_173.txt,B,C,"['B', 'D', 'A', 'C']",False
83,dev-data/mutual/dev/dev_174.txt,D,D,"['D', 'A', 'B', 'C']",True
84,dev-data/mutual/dev/dev_175.txt,C,D,"['C', 'B', 'D', 'A']",False
85,dev-data/mutual/dev/dev_176.txt,B,C,"['B', 'A', 'C', 'D']",False
86,dev-data/mutual/dev/dev_177.txt,D,B,"['D', 'A', 'B', 'C']",False
87,dev-data/mutual/dev/dev_178.txt,A,A,"['A', 'C', 'B', 'D']",True
88,dev-data/mutual/dev/dev_179.txt,D,A,"['D', 'A', 'C', 'B']",False
89,dev-data/mutual/dev/dev_18.txt,A,D,"['A', 'C', 'B', 'D']",False
90,dev-data/mutual/dev/dev_180.txt,D,C,"['D', 'C', 'A', 'B']",False
91,dev-data/mutual/dev/dev_181.txt,D,D,"['D', 'B', 'A', 'C']",True
92,dev-data/mutual/dev/dev_182.txt,D,B,"['D', 'B', 'A', 'C']",False
93,dev-data/mutual/dev/dev_183.txt,D,D,"['D', 'B', 'A', 'C']",True
94,dev-data/mutual/dev/dev_184.txt,C,B,"['C', 'D', 'A', 'B']",False
95,dev-data/mutual/dev/dev_185.txt,A,B,"['A', 'D', 'B', 'C']",False
96,dev-data/mutual/dev/dev_186.txt,C,C,"['C', 'D', 'B', 'A']",True
97,dev-data/mutual/dev/dev_187.txt,D,A,"['D', 'A', 'B', 'C']",False
98,dev-data/mutual/dev/dev_188.txt,B,D,"['B', 'A', 'D', 'C']",False
99,dev-data/mutual/dev/dev_189.txt,A,D,"['A', 'D', 'B', 'C']",False
100,dev-data/mutual/dev/dev_19.txt,C,C,"['C', 'D', 'A', 'B']",True
101,dev-data/mutual/dev/dev_190.txt,D,A,"['D', 'B', 'C', 'A']",False
102,dev-data/mutual/dev/dev_191.txt,B,A,"['B', 'C', 'A', 'D']",False
103,dev-data/mutual/dev/dev_192.txt,C,C,"['C', 'B', 'A', 'D']",True
104,dev-data/mutual/dev/dev_193.txt,D,A,"['D', 'B', 'A', 'C']",False
105,dev-data/mutual/dev/dev_194.txt,A,C,"['A', 'B', 'D', 'C']",False
106,dev-data/mutual/dev/dev_195.txt,D,D,"['D', 'C', 'A', 'B']",True
107,dev-data/mutual/dev/dev_196.txt,C,C,"['C', 'A', 'B', 'D']",True
108,dev-data/mutual/dev/dev_197.txt,C,D,"['C', 'B', 'A', 'D']",False
109,dev-data/mutual/dev/dev_198.txt,B,A,"['B', 'D', 'A', 'C']",False
110,dev-data/mutual/dev/dev_199.txt,C,C,"['C', 'A', 'D', 'B']",True
111,dev-data/mutual/dev/dev_2.txt,B,C,"['B', 'D', 'A', 'C']",False
112,dev-data/mutual/dev/dev_20.txt,B,C,"['B', 'D', 'A', 'C']",False
113,dev-data/mutual/dev/dev_200.txt,B,C,"['B', 'A', 'C', 'D']",False
114,dev-data/mutual/dev/dev_201.txt,A,C,"['A', 'C', 'D', 'B']",False
115,dev-data/mutual/dev/dev_202.txt,D,C,"['D', 'C', 'B', 'A']",False
116,dev-data/mutual/dev/dev_203.txt,B,A,"['B', 'C', 'D', 'A']",False
117,dev-data/mutual/dev/dev_204.txt,A,B,"['A', 'D', 'C', 'B']",False
118,dev-data/mutual/dev/dev_205.txt,B,A,"['B', 'D', 'A', 'C']",False
119,dev-data/mutual/dev/dev_206.txt,C,D,"['C', 'B', 'A', 'D']",False
120,dev-data/mutual/dev/dev_207.txt,A,A,"['A', 'C', 'B', 'D']",True
121,dev-data/mutual/dev/dev_208.txt,D,B,"['D', 'C', 'A', 'B']",False
122,dev-data/mutual/dev/dev_209.txt,D,D,"['D', 'A', 'B', 'C']",True
123,dev-data/mutual/dev/dev_21.txt,B,C,"['B', 'D', 'C', 'A']",False
124,dev-data/mutual/dev/dev_210.txt,A,B,"['A', 'C', 'B', 'D']",False
125,dev-data/mutual/dev/dev_211.txt,B,D,"['B', 'A', 'C', 'D']",False
126,dev-data/mutual/dev/dev_212.txt,D,D,"['D', 'B', 'A', 'C']",True
127,dev-data/mutual/dev/dev_213.txt,A,A,"['A', 'B', 'D', 'C']",True
128,dev-data/mutual/dev/dev_214.txt,A,B,"['A', 'D', 'B', 'C']",False
129,dev-data/mutual/dev/dev_215.txt,A,D,"['A', 'C', 'D', 'B']",False
130,dev-data/mutual/dev/dev_216.txt,B,A,"['B', 'D', 'A', 'C']",False
131,dev-data/mutual/dev/dev_217.txt,A,D,"['A', 'D', 'B', 'C']",False
132,dev-data/mutual/dev/dev_218.txt,A,D,"['A', 'C', 'D', 'B']",False
133,dev-data/mutual/dev/dev_219.txt,B,B,"['B', 'A', 'C', 'D']",True
134,dev-data/mutual/dev/dev_22.txt,C,B,"['C', 'D', 'B', 'A']",False
135,dev-data/mutual/dev/dev_220.txt,B,D,"['B', 'C', 'A', 'D']",False
136,dev-data/mutual/dev/dev_221.txt,A,D,"['A', 'D', 'C', 'B']",False
137,dev-data/mutual/dev/dev_222.txt,C,B,"['C', 'A', 'D', 'B']",False
138,dev-data/mutual/dev/dev_223.txt,B,D,"['B', 'D', 'C', 'A']",False
139,dev-data/mutual/dev/dev_224.txt,B,A,"['B', 'D', 'A', 'C']",False
140,dev-data/mutual/dev/dev_225.txt,B,D,"['B', 'D', 'C', 'A']",False
141,dev-data/mutual/dev/dev_226.txt,A,A,"['A', 'B', 'C', 'D']",True
142,dev-data/mutual/dev/dev_227.txt,D,B,"['D', 'A', 'B', 'C']",False
143,dev-data/mutual/dev/dev_228.txt,C,B,"['C', 'A', 'B', 'D']",False
144,dev-data/mutual/dev/dev_229.txt,A,D,"['A', 'D', 'B', 'C']",False
145,dev-data/mutual/dev/dev_23.txt,D,D,"['D', 'C', 'A', 'B']",True
146,dev-data/mutual/dev/dev_230.txt,A,A,"['A', 'D', 'C', 'B']",True
147,dev-data/mutual/dev/dev_231.txt,B,A,"['B', 'D', 'A', 'C']",False
148,dev-data/mutual/dev/dev_232.txt,B,B,"['B', 'A', 'D', 'C']",True
149,dev-data/mutual/dev/dev_233.txt,D,D,"['D', 'C', 'A', 'B']",True
150,dev-data/mutual/dev/dev_234.txt,B,A,"['B', 'D', 'C', 'A']",False
151,dev-data/mutual/dev/dev_235.txt,A,D,"['A', 'C', 'B', 'D']",False
152,dev-data/mutual/dev/dev_236.txt,A,C,"['A', 'D', 'C', 'B']",False
153,dev-data/mutual/dev/dev_237.txt,A,D,"['A', 'C', 'D', 'B']",False
154,dev-data/mutual/dev/dev_238.txt,C,D,"['C', 'A', 'D', 'B']",False
155,dev-data/mutual/dev/dev_239.txt,A,A,"['A', 'D', 'B', 'C']",True
156,dev-data/mutual/dev/dev_24.txt,C,C,"['C', 'B', 'D', 'A']",True
157,dev-data/mutual/dev/dev_240.txt,A,A,"['A', 'B', 'C', 'D']",True
158,dev-data/mutual/dev/dev_241.txt,D,A,"['D', 'A', 'C', 'B']",False
159,dev-data/mutual/dev/dev_242.txt,B,B,"['B', 'C', 'A', 'D']",True
160,dev-data/mutual/dev/dev_243.txt,A,D,"['A', 'B', 'C', 'D']",False
161,dev-data/mutual/dev/dev_244.txt,B,D,"['B', 'D', 'C', 'A']",False
162,dev-data/mutual/dev/dev_245.txt,B,D,"['B', 'C', 'D', 'A']",False
163,dev-data/mutual/dev/dev_246.txt,C,B,"['C', 'B', 'D', 'A']",False
164,dev-data/mutual/dev/dev_247.txt,A,D,"['A', 'C', 'D', 'B']",False
165,dev-data/mutual/dev/dev_248.txt,D,B,"['D', 'B', 'C', 'A']",False
166,dev-data/mutual/dev/dev_249.txt,D,B,"['D', 'A', 'C', 'B']",False
167,dev-data/mutual/dev/dev_25.txt,B,C,"['B', 'C', 'A', 'D']",False
168,dev-data/mutual/dev/dev_250.txt,C,D,"['C', 'D', 'A', 'B']",False
169,dev-data/mutual/dev/dev_251.txt,C,C,"['C', 'D', 'A', 'B']",True
170,dev-data/mutual/dev/dev_252.txt,C,D,"['C', 'D', 'A', 'B']",False
171,dev-data/mutual/dev/dev_253.txt,D,C,"['D', 'A', 'C', 'B']",False
172,dev-data/mutual/dev/dev_254.txt,D,D,"['D', 'A', 'B', 'C']",True
173,dev-data/mutual/dev/dev_255.txt,A,B,"['A', 'C', 'B', 'D']",False
174,dev-data/mutual/dev/dev_256.txt,A,A,"['A', 'C', 'D', 'B']",True
175,dev-data/mutual/dev/dev_257.txt,D,A,"['D', 'B', 'C', 'A']",False
176,dev-data/mutual/dev/dev_258.txt,D,D,"['D', 'C', 'A', 'B']",True
177,dev-data/mutual/dev/dev_259.txt,D,B,"['D', 'B', 'C', 'A']",False
178,dev-data/mutual/dev/dev_26.txt,A,A,"['A', 'B', 'D', 'C']",True
179,dev-data/mutual/dev/dev_260.txt,A,A,"['A', 'B', 'C', 'D']",True
180,dev-data/mutual/dev/dev_261.txt,D,A,"['D', 'C', 'A', 'B']",False
181,dev-data/mutual/dev/dev_262.txt,B,D,"['B', 'C', 'D', 'A']",False
182,dev-data/mutual/dev/dev_263.txt,C,B,"['C', 'B', 'A', 'D']",False
183,dev-data/mutual/dev/dev_264.txt,A,A,"['A', 'D', 'B', 'C']",True
184,dev-data/mutual/dev/dev_265.txt,A,A,"['A', 'B', 'C', 'D']",True
185,dev-data/mutual/dev/dev_266.txt,C,D,"['C', 'D', 'A', 'B']",False
186,dev-data/mutual/dev/dev_267.txt,A,A,"['A', 'D', 'B', 'C']",True
187,dev-data/mutual/dev/dev_268.txt,D,A,"['D', 'C', 'B', 'A']",False
188,dev-data/mutual/dev/dev_269.txt,A,B,"['A', 'C', 'D', 'B']",False
189,dev-data/mutual/dev/dev_27.txt,A,A,"['A', 'B', 'C', 'D']",True
190,dev-data/mutual/dev/dev_270.txt,B,B,"['B', 'A', 'C', 'D']",True
191,dev-data/mutual/dev/dev_271.txt,C,A,"['C', 'D', 'B', 'A']",False
192,dev-data/mutual/dev/dev_272.txt,C,B,"['C', 'D', 'B', 'A']",False
193,dev-data/mutual/dev/dev_273.txt,B,B,"['B', 'C', 'D', 'A']",True
194,dev-data/mutual/dev/dev_274.txt,B,C,"['B', 'C', 'D', 'A']",False
195,dev-data/mutual/dev/dev_275.txt,B,A,"['B', 'D', 'A', 'C']",False
196,dev-data/mutual/dev/dev_276.txt,B,D,"['B', 'A', 'C', 'D']",False
197,dev-data/mutual/dev/dev_277.txt,A,C,"['A', 'C', 'D', 'B']",False
198,dev-data/mutual/dev/dev_278.txt,A,D,"['A', 'C', 'D', 'B']",False
199,dev-data/mutual/dev/dev_279.txt,B,D,"['B', 'D', 'C', 'A']",False
200,dev-data/mutual/dev/dev_28.txt,B,C,"['B', 'C', 'A', 'D']",False
201,dev-data/mutual/dev/dev_280.txt,D,D,"['D', 'A', 'C', 'B']",True
202,dev-data/mutual/dev/dev_281.txt,A,D,"['A', 'D', 'B', 'C']",False
203,dev-data/mutual/dev/dev_282.txt,A,A,"['A', 'B', 'C', 'D']",True
204,dev-data/mutual/dev/dev_283.txt,D,A,"['D', 'B', 'C', 'A']",False
205,dev-data/mutual/dev/dev_284.txt,B,D,"['B', 'D', 'A', 'C']",False
206,dev-data/mutual/dev/dev_285.txt,A,B,"['A', 'C', 'B', 'D']",False
207,dev-data/mutual/dev/dev_286.txt,A,C,"['A', 'D', 'B', 'C']",False
208,dev-data/mutual/dev/dev_287.txt,D,C,"['D', 'C', 'B', 'A']",False
209,dev-data/mutual/dev/dev_288.txt,D,D,"['D', 'B', 'A', 'C']",True
210,dev-data/mutual/dev/dev_289.txt,A,D,"['A', 'D', 'C', 'B']",False
211,dev-data/mutual/dev/dev_29.txt,B,D,"['B', 'D', 'A', 'C']",False
212,dev-data/mutual/dev/dev_290.txt,A,D,"['A', 'B', 'D', 'C']",False
213,dev-data/mutual/dev/dev_291.txt,D,B,"['D', 'A', 'B', 'C']",False
214,dev-data/mutual/dev/dev_292.txt,D,C,"['D', 'A', 'B', 'C']",False
215,dev-data/mutual/dev/dev_293.txt,C,A,"['C', 'B', 'D', 'A']",False
216,dev-data/mutual/dev/dev_294.txt,C,A,"['C', 'D', 'B', 'A']",False
217,dev-data/mutual/dev/dev_295.txt,D,C,"['D', 'A', 'C', 'B']",False
218,dev-data/mutual/dev/dev_296.txt,A,B,"['A', 'B', 'D', 'C']",False
219,dev-data/mutual/dev/dev_297.txt,A,B,"['A', 'B', 'D', 'C']",False
220,dev-data/mutual/dev/dev_298.txt,B,D,"['B', 'C', 'D', 'A']",False
221,dev-data/mutual/dev/dev_299.txt,B,C,"['B', 'C', 'A', 'D']",False
222,dev-data/mutual/dev/dev_3.txt,A,C,"['A', 'C', 'D', 'B']",False
223,dev-data/mutual/dev/dev_30.txt,B,B,"['B', 'D', 'C', 'A']",True
224,dev-data/mutual/dev/dev_300.txt,D,D,"['D', 'A', 'B', 'C']",True
225,dev-data/mutual/dev/dev_301.txt,D,D,"['D', 'A', 'C', 'B']",True
226,dev-data/mutual/dev/dev_302.txt,A,D,"['A', 'C', 'B', 'D']",False
227,dev-data/mutual/dev/dev_303.txt,A,D,"['A', 'B', 'C', 'D']",False
228,dev-data/mutual/dev/dev_304.txt,D,D,"['D', 'A', 'C', 'B']",True
229,dev-data/mutual/dev/dev_305.txt,D,D,"['D', 'C', 'B', 'A']",True
230,dev-data/mutual/dev/dev_306.txt,B,C,"['B', 'D', 'A', 'C']",False
231,dev-data/mutual/dev/dev_307.txt,A,D,"['A', 'B', 'C', 'D']",False
232,dev-data/mutual/dev/dev_308.txt,A,D,"['A', 'C', 'D', 'B']",False
233,dev-data/mutual/dev/dev_309.txt,D,A,"['D', 'A', 'C', 'B']",False
234,dev-data/mutual/dev/dev_31.txt,B,A,"['B', 'D', 'C', 'A']",False
235,dev-data/mutual/dev/dev_310.txt,C,D,"['C', 'D', 'A', 'B']",False
236,dev-data/mutual/dev/dev_311.txt,B,C,"['B', 'C', 'A', 'D']",False
237,dev-data/mutual/dev/dev_312.txt,C,B,"['C', 'D', 'A', 'B']",False
238,dev-data/mutual/dev/dev_313.txt,C,D,"['C', 'D', 'B', 'A']",False
239,dev-data/mutual/dev/dev_314.txt,D,A,"['D', 'B', 'A', 'C']",False
240,dev-data/mutual/dev/dev_315.txt,C,A,"['C', 'A', 'D', 'B']",False
241,dev-data/mutual/dev/dev_316.txt,B,D,"['B', 'C', 'D', 'A']",False
242,dev-data/mutual/dev/dev_317.txt,A,D,"['A', 'D', 'C', 'B']",False
243,dev-data/mutual/dev/dev_318.txt,D,B,"['D', 'C', 'B', 'A']",False
244,dev-data/mutual/dev/dev_319.txt,D,C,"['D', 'C', 'A', 'B']",False
245,dev-data/mutual/dev/dev_32.txt,D,A,"['D', 'B', 'A', 'C']",False
246,dev-data/mutual/dev/dev_320.txt,A,D,"['A', 'C', 'D', 'B']",False
247,dev-data/mutual/dev/dev_321.txt,C,D,"['C', 'D', 'B', 'A']",False
248,dev-data/mutual/dev/dev_322.txt,A,B,"['A', 'C', 'B', 'D']",False
249,dev-data/mutual/dev/dev_323.txt,A,B,"['A', 'D', 'B', 'C']",False
250,dev-data/mutual/dev/dev_324.txt,B,B,"['B', 'D', 'C', 'A']",True
251,dev-data/mutual/dev/dev_325.txt,D,A,"['D', 'C', 'A', 'B']",False
252,dev-data/mutual/dev/dev_326.txt,B,C,"['B', 'C', 'A', 'D']",False
253,dev-data/mutual/dev/dev_327.txt,D,B,"['D', 'B', 'A', 'C']",False
254,dev-data/mutual/dev/dev_328.txt,C,D,"['C', 'A', 'D', 'B']",False
255,dev-data/mutual/dev/dev_329.txt,A,C,"['A', 'D', 'B', 'C']",False
256,dev-data/mutual/dev/dev_33.txt,C,B,"['C', 'D', 'A', 'B']",False
257,dev-data/mutual/dev/dev_330.txt,A,C,"['A', 'B', 'D', 'C']",False
258,dev-data/mutual/dev/dev_331.txt,A,B,"['A', 'B', 'C', 'D']",False
259,dev-data/mutual/dev/dev_332.txt,D,C,"['D', 'C', 'A', 'B']",False
260,dev-data/mutual/dev/dev_333.txt,D,C,"['D', 'B', 'A', 'C']",False
261,dev-data/mutual/dev/dev_334.txt,A,B,"['A', 'D', 'B', 'C']",False
262,dev-data/mutual/dev/dev_335.txt,D,B,"['D', 'C', 'A', 'B']",False
263,dev-data/mutual/dev/dev_336.txt,B,B,"['B', 'D', 'C', 'A']",True
264,dev-data/mutual/dev/dev_337.txt,D,C,"['D', 'B', 'C', 'A']",False
265,dev-data/mutual/dev/dev_338.txt,B,C,"['B', 'A', 'D', 'C']",False
266,dev-data/mutual/dev/dev_339.txt,B,D,"['B', 'D', 'C', 'A']",False
267,dev-data/mutual/dev/dev_34.txt,A,A,"['A', 'C', 'D', 'B']",True
268,dev-data/mutual/dev/dev_340.txt,A,D,"['A', 'C', 'D', 'B']",False
269,dev-data/mutual/dev/dev_341.txt,C,B,"['C', 'D', 'A', 'B']",False
270,dev-data/mutual/dev/dev_342.txt,B,D,"['B', 'A', 'D', 'C']",False
271,dev-data/mutual/dev/dev_343.txt,B,A,"['B', 'D', 'A', 'C']",False
272,dev-data/mutual/dev/dev_344.txt,B,C,"['B', 'A', 'C', 'D']",False
273,dev-data/mutual/dev/dev_345.txt,B,D,"['B', 'C', 'D', 'A']",False
274,dev-data/mutual/dev/dev_346.txt,A,B,"['A', 'B', 'D', 'C']",False
275,dev-data/mutual/dev/dev_347.txt,C,C,"['C', 'A', 'D', 'B']",True
276,dev-data/mutual/dev/dev_348.txt,C,A,"['C', 'B', 'A', 'D']",False
277,dev-data/mutual/dev/dev_349.txt,A,D,"['A', 'B', 'C', 'D']",False
278,dev-data/mutual/dev/dev_35.txt,D,A,"['D', 'B', 'C', 'A']",False
279,dev-data/mutual/dev/dev_350.txt,B,C,"['B', 'D', 'C', 'A']",False
280,dev-data/mutual/dev/dev_351.txt,D,A,"['D', 'C', 'A', 'B']",False
281,dev-data/mutual/dev/dev_352.txt,D,B,"['D', 'B', 'A', 'C']",False
282,dev-data/mutual/dev/dev_353.txt,B,B,"['B', 'D', 'C', 'A']",True
283,dev-data/mutual/dev/dev_354.txt,B,D,"['B', 'A', 'D', 'C']",False
284,dev-data/mutual/dev/dev_355.txt,D,B,"['D', 'A', 'C', 'B']",False
285,dev-data/mutual/dev/dev_356.txt,C,A,"['C', 'D', 'B', 'A']",False
286,dev-data/mutual/dev/dev_357.txt,D,B,"['D', 'A', 'C', 'B']",False
287,dev-data/mutual/dev/dev_358.txt,B,B,"['B', 'D', 'C', 'A']",True
288,dev-data/mutual/dev/dev_359.txt,D,C,"['D', 'B', 'C', 'A']",False
289,dev-data/mutual/dev/dev_36.txt,B,D,"['B', 'D', 'A', 'C']",False
290,dev-data/mutual/dev/dev_360.txt,B,A,"['B', 'C', 'A', 'D']",False
291,dev-data/mutual/dev/dev_361.txt,B,B,"['B', 'A', 'C', 'D']",True
292,dev-data/mutual/dev/dev_362.txt,B,D,"['B', 'C', 'A', 'D']",False
293,dev-data/mutual/dev/dev_363.txt,B,D,"['B', 'D', 'A', 'C']",False
294,dev-data/mutual/dev/dev_364.txt,A,D,"['A', 'D', 'C', 'B']",False
295,dev-data/mutual/dev/dev_365.txt,A,C,"['A', 'B', 'D', 'C']",False
296,dev-data/mutual/dev/dev_366.txt,B,B,"['B', 'A', 'D', 'C']",True
297,dev-data/mutual/dev/dev_367.txt,B,A,"['B', 'C', 'A', 'D']",False
298,dev-data/mutual/dev/dev_368.txt,A,A,"['A', 'B', 'D', 'C']",True
299,dev-data/mutual/dev/dev_369.txt,A,C,"['A', 'B', 'C', 'D']",False
300,dev-data/mutual/dev/dev_37.txt,A,A,"['A', 'D', 'C', 'B']",True
301,dev-data/mutual/dev/dev_370.txt,D,D,"['D', 'C', 'A', 'B']",True
302,dev-data/mutual/dev/dev_371.txt,C,D,"['C', 'B', 'A', 'D']",False
303,dev-data/mutual/dev/dev_372.txt,C,D,"['C', 'B', 'A', 'D']",False
304,dev-data/mutual/dev/dev_373.txt,A,D,"['A', 'C', 'B', 'D']",False
305,dev-data/mutual/dev/dev_374.txt,B,B,"['B', 'C', 'D', 'A']",True
306,dev-data/mutual/dev/dev_375.txt,A,B,"['A', 'C', 'D', 'B']",False
307,dev-data/mutual/dev/dev_376.txt,D,B,"['D', 'A', 'B', 'C']",False
308,dev-data/mutual/dev/dev_377.txt,D,B,"['D', 'C', 'A', 'B']",False
309,dev-data/mutual/dev/dev_378.txt,C,A,"['C', 'A', 'B', 'D']",False
310,dev-data/mutual/dev/dev_379.txt,C,A,"['C', 'D', 'B', 'A']",False
311,dev-data/mutual/dev/dev_38.txt,B,C,"['B', 'A', 'D', 'C']",False
312,dev-data/mutual/dev/dev_380.txt,D,A,"['D', 'A', 'B', 'C']",False
313,dev-data/mutual/dev/dev_381.txt,B,A,"['B', 'A', 'D', 'C']",False
314,dev-data/mutual/dev/dev_382.txt,B,D,"['B', 'C', 'A', 'D']",False
315,dev-data/mutual/dev/dev_383.txt,A,A,"['A', 'C', 'D', 'B']",True
316,dev-data/mutual/dev/dev_384.txt,C,A,"['C', 'D', 'B', 'A']",False
317,dev-data/mutual/dev/dev_385.txt,B,D,"['B', 'A', 'C', 'D']",False
318,dev-data/mutual/dev/dev_386.txt,A,D,"['A', 'B', 'C', 'D']",False
319,dev-data/mutual/dev/dev_387.txt,D,B,"['D', 'C', 'B', 'A']",False
320,dev-data/mutual/dev/dev_388.txt,D,D,"['D', 'C', 'A', 'B']",True
321,dev-data/mutual/dev/dev_389.txt,A,D,"['A', 'C', 'D', 'B']",False
322,dev-data/mutual/dev/dev_39.txt,D,D,"['D', 'A', 'B', 'C']",True
323,dev-data/mutual/dev/dev_390.txt,C,B,"['C', 'B', 'A', 'D']",False
324,dev-data/mutual/dev/dev_391.txt,A,A,"['A', 'B', 'C', 'D']",True
325,dev-data/mutual/dev/dev_392.txt,A,C,"['A', 'D', 'B', 'C']",False
326,dev-data/mutual/dev/dev_393.txt,A,C,"['A', 'B', 'C', 'D']",False
327,dev-data/mutual/dev/dev_394.txt,A,B,"['A', 'C', 'B', 'D']",False
328,dev-data/mutual/dev/dev_395.txt,B,C,"['B', 'C', 'D', 'A']",False
329,dev-data/mutual/dev/dev_396.txt,D,C,"['D', 'A', 'C', 'B']",False
330,dev-data/mutual/dev/dev_397.txt,D,A,"['D', 'C', 'A', 'B']",False
331,dev-data/mutual/dev/dev_398.txt,A,D,"['A', 'D', 'C', 'B']",False
332,dev-data/mutual/dev/dev_399.txt,D,C,"['D', 'B', 'A', 'C']",False
333,dev-data/mutual/dev/dev_4.txt,B,C,"['B', 'A', 'C', 'D']",False
334,dev-data/mutual/dev/dev_40.txt,B,C,"['B', 'D', 'C', 'A']",False
335,dev-data/mutual/dev/dev_400.txt,B,C,"['B', 'D', 'A', 'C']",False
336,dev-data/mutual/dev/dev_401.txt,D,D,"['D', 'B', 'C', 'A']",True
337,dev-data/mutual/dev/dev_402.txt,D,C,"['D', 'A', 'C', 'B']",False
338,dev-data/mutual/dev/dev_403.txt,D,D,"['D', 'C', 'A', 'B']",True
339,dev-data/mutual/dev/dev_404.txt,D,C,"['D', 'A', 'C', 'B']",False
340,dev-data/mutual/dev/dev_405.txt,C,D,"['C', 'A', 'B', 'D']",False
341,dev-data/mutual/dev/dev_406.txt,B,A,"['B', 'D', 'A', 'C']",False
342,dev-data/mutual/dev/dev_407.txt,B,C,"['B', 'A', 'C', 'D']",False
343,dev-data/mutual/dev/dev_408.txt,D,B,"['D', 'A', 'C', 'B']",False
344,dev-data/mutual/dev/dev_409.txt,A,C,"['A', 'D', 'B', 'C']",False
345,dev-data/mutual/dev/dev_41.txt,C,B,"['C', 'A', 'D', 'B']",False
346,dev-data/mutual/dev/dev_410.txt,B,D,"['B', 'C', 'D', 'A']",False
347,dev-data/mutual/dev/dev_411.txt,B,A,"['B', 'C', 'A', 'D']",False
348,dev-data/mutual/dev/dev_412.txt,B,D,"['B', 'C', 'A', 'D']",False
349,dev-data/mutual/dev/dev_413.txt,B,A,"['B', 'A', 'C', 'D']",False
350,dev-data/mutual/dev/dev_414.txt,A,C,"['A', 'B', 'C', 'D']",False
351,dev-data/mutual/dev/dev_415.txt,B,A,"['B', 'C', 'D', 'A']",False
352,dev-data/mutual/dev/dev_416.txt,A,D,"['A', 'C', 'B', 'D']",False
353,dev-data/mutual/dev/dev_417.txt,B,C,"['B', 'C', 'A', 'D']",False
354,dev-data/mutual/dev/dev_418.txt,B,B,"['B', 'C', 'D', 'A']",True
355,dev-data/mutual/dev/dev_419.txt,C,C,"['C', 'B', 'A', 'D']",True
356,dev-data/mutual/dev/dev_42.txt,D,D,"['D', 'B', 'C', 'A']",True
357,dev-data/mutual/dev/dev_420.txt,B,D,"['B', 'A', 'D', 'C']",False
358,dev-data/mutual/dev/dev_421.txt,B,C,"['B', 'A', 'D', 'C']",False
359,dev-data/mutual/dev/dev_422.txt,C,C,"['C', 'D', 'A', 'B']",True
360,dev-data/mutual/dev/dev_423.txt,B,A,"['B', 'C', 'A', 'D']",False
361,dev-data/mutual/dev/dev_424.txt,C,A,"['C', 'B', 'D', 'A']",False
362,dev-data/mutual/dev/dev_425.txt,C,D,"['C', 'B', 'D', 'A']",False
363,dev-data/mutual/dev/dev_426.txt,A,B,"['A', 'C', 'B', 'D']",False
364,dev-data/mutual/dev/dev_427.txt,D,A,"['D', 'B', 'C', 'A']",False
365,dev-data/mutual/dev/dev_428.txt,C,B,"['C', 'A', 'D', 'B']",False
366,dev-data/mutual/dev/dev_429.txt,B,B,"['B', 'A', 'C', 'D']",True
367,dev-data/mutual/dev/dev_43.txt,D,C,"['D', 'B', 'A', 'C']",False
368,dev-data/mutual/dev/dev_430.txt,C,A,"['C', 'D', 'A', 'B']",False
369,dev-data/mutual/dev/dev_431.txt,C,B,"['C', 'D', 'A', 'B']",False
370,dev-data/mutual/dev/dev_432.txt,B,B,"['B', 'A', 'C', 'D']",True
371,dev-data/mutual/dev/dev_433.txt,D,C,"['D', 'A', 'B', 'C']",False
372,dev-data/mutual/dev/dev_434.txt,A,A,"['A', 'B', 'C', 'D']",True
373,dev-data/mutual/dev/dev_435.txt,A,B,"['A', 'C', 'B', 'D']",False
374,dev-data/mutual/dev/dev_436.txt,C,C,"['C', 'D', 'A', 'B']",True
375,dev-data/mutual/dev/dev_437.txt,A,D,"['A', 'D', 'C', 'B']",False
376,dev-data/mutual/dev/dev_438.txt,A,B,"['A', 'D', 'B', 'C']",False
377,dev-data/mutual/dev/dev_439.txt,B,A,"['B', 'D', 'A', 'C']",False
378,dev-data/mutual/dev/dev_44.txt,C,A,"['C', 'D', 'B', 'A']",False
379,dev-data/mutual/dev/dev_440.txt,C,A,"['C', 'A', 'B', 'D']",False
380,dev-data/mutual/dev/dev_441.txt,A,B,"['A', 'B', 'C', 'D']",False
381,dev-data/mutual/dev/dev_442.txt,D,D,"['D', 'C', 'B', 'A']",True
382,dev-data/mutual/dev/dev_443.txt,A,C,"['A', 'B', 'D', 'C']",False
383,dev-data/mutual/dev/dev_444.txt,B,D,"['B', 'C', 'A', 'D']",False
384,dev-data/mutual/dev/dev_445.txt,B,D,"['B', 'D', 'C', 'A']",False
385,dev-data/mutual/dev/dev_446.txt,D,A,"['D', 'B', 'C', 'A']",False
386,dev-data/mutual/dev/dev_447.txt,A,D,"['A', 'C', 'D', 'B']",False
387,dev-data/mutual/dev/dev_448.txt,D,B,"['D', 'C', 'B', 'A']",False
388,dev-data/mutual/dev/dev_449.txt,D,A,"['D', 'C', 'B', 'A']",False
389,dev-data/mutual/dev/dev_45.txt,B,A,"['B', 'D', 'A', 'C']",False
390,dev-data/mutual/dev/dev_450.txt,D,A,"['D', 'A', 'B', 'C']",False
391,dev-data/mutual/dev/dev_451.txt,C,D,"['C', 'D', 'B', 'A']",False
392,dev-data/mutual/dev/dev_452.txt,B,B,"['B', 'D', 'C', 'A']",True
393,dev-data/mutual/dev/dev_453.txt,D,A,"['D', 'C', 'B', 'A']",False
394,dev-data/mutual/dev/dev_454.txt,A,A,"['A', 'B', 'C', 'D']",True
395,dev-data/mutual/dev/dev_455.txt,C,D,"['C', 'A', 'B', 'D']",False
396,dev-data/mutual/dev/dev_456.txt,A,A,"['A', 'D', 'C', 'B']",True
397,dev-data/mutual/dev/dev_457.txt,A,D,"['A', 'B', 'D', 'C']",False
398,dev-data/mutual/dev/dev_458.txt,A,D,"['A', 'C', 'B', 'D']",False
399,dev-data/mutual/dev/dev_459.txt,C,B,"['C', 'D', 'B', 'A']",False
400,dev-data/mutual/dev/dev_46.txt,C,C,"['C', 'B', 'A', 'D']",True
401,dev-data/mutual/dev/dev_460.txt,D,C,"['D', 'A', 'C', 'B']",False
402,dev-data/mutual/dev/dev_461.txt,C,B,"['C', 'A', 'D', 'B']",False
403,dev-data/mutual/dev/dev_462.txt,D,D,"['D', 'C', 'A', 'B']",True
404,dev-data/mutual/dev/dev_463.txt,B,B,"['B', 'A', 'C', 'D']",True
405,dev-data/mutual/dev/dev_464.txt,A,B,"['A', 'B', 'C', 'D']",False
406,dev-data/mutual/dev/dev_465.txt,D,B,"['D', 'B', 'C', 'A']",False
407,dev-data/mutual/dev/dev_466.txt,C,A,"['C', 'B', 'D', 'A']",False
408,dev-data/mutual/dev/dev_467.txt,D,A,"['D', 'B', 'A', 'C']",False
409,dev-data/mutual/dev/dev_468.txt,D,D,"['D', 'B', 'A', 'C']",True
410,dev-data/mutual/dev/dev_469.txt,D,D,"['D', 'B', 'A', 'C']",True
411,dev-data/mutual/dev/dev_47.txt,C,C,"['C', 'B', 'D', 'A']",True
412,dev-data/mutual/dev/dev_470.txt,A,A,"['A', 'B', 'C', 'D']",True
413,dev-data/mutual/dev/dev_471.txt,B,A,"['B', 'C', 'A', 'D']",False
414,dev-data/mutual/dev/dev_472.txt,D,C,"['D', 'B', 'A', 'C']",False
415,dev-data/mutual/dev/dev_473.txt,D,A,"['D', 'B', 'C', 'A']",False
416,dev-data/mutual/dev/dev_474.txt,D,C,"['D', 'A', 'C', 'B']",False
417,dev-data/mutual/dev/dev_475.txt,C,C,"['C', 'B', 'A', 'D']",True
418,dev-data/mutual/dev/dev_476.txt,B,D,"['B', 'D', 'A', 'C']",False
419,dev-data/mutual/dev/dev_477.txt,B,B,"['B', 'D', 'C', 'A']",True
420,dev-data/mutual/dev/dev_478.txt,C,A,"['C', 'B', 'A', 'D']",False
421,dev-data/mutual/dev/dev_479.txt,B,B,"['B', 'D', 'A', 'C']",True
422,dev-data/mutual/dev/dev_48.txt,D,B,"['D', 'C', 'A', 'B']",False
423,dev-data/mutual/dev/dev_480.txt,B,A,"['B', 'C', 'A', 'D']",False
424,dev-data/mutual/dev/dev_481.txt,D,A,"['D', 'C', 'A', 'B']",False
425,dev-data/mutual/dev/dev_482.txt,D,A,"['D', 'C', 'B', 'A']",False
426,dev-data/mutual/dev/dev_483.txt,B,D,"['B', 'A', 'D', 'C']",False
427,dev-data/mutual/dev/dev_484.txt,C,B,"['C', 'D', 'B', 'A']",False
428,dev-data/mutual/dev/dev_485.txt,D,A,"['D', 'B', 'C', 'A']",False
429,dev-data/mutual/dev/dev_486.txt,B,A,"['B', 'A', 'D', 'C']",False
430,dev-data/mutual/dev/dev_487.txt,D,D,"['D', 'B', 'C', 'A']",True
431,dev-data/mutual/dev/dev_488.txt,C,B,"['C', 'B', 'A', 'D']",False
432,dev-data/mutual/dev/dev_489.txt,C,D,"['C', 'A', 'D', 'B']",False
433,dev-data/mutual/dev/dev_49.txt,D,D,"['D', 'C', 'B', 'A']",True
434,dev-data/mutual/dev/dev_490.txt,D,D,"['D', 'C', 'B', 'A']",True
435,dev-data/mutual/dev/dev_491.txt,D,B,"['D', 'A', 'B', 'C']",False
436,dev-data/mutual/dev/dev_492.txt,D,D,"['D', 'B', 'C', 'A']",True
437,dev-data/mutual/dev/dev_493.txt,B,A,"['B', 'D', 'C', 'A']",False
438,dev-data/mutual/dev/dev_494.txt,A,C,"['A', 'C', 'D', 'B']",False
439,dev-data/mutual/dev/dev_495.txt,C,C,"['C', 'B', 'A', 'D']",True
440,dev-data/mutual/dev/dev_496.txt,A,D,"['A', 'D', 'C', 'B']",False
441,dev-data/mutual/dev/dev_497.txt,C,B,"['C', 'D', 'A', 'B']",False
442,dev-data/mutual/dev/dev_498.txt,B,C,"['B', 'C', 'A', 'D']",False
443,dev-data/mutual/dev/dev_499.txt,B,D,"['B', 'A', 'D', 'C']",False
444,dev-data/mutual/dev/dev_5.txt,D,C,"['D', 'A', 'B', 'C']",False
445,dev-data/mutual/dev/dev_50.txt,A,C,"['A', 'D', 'B', 'C']",False
446,dev-data/mutual/dev/dev_500.txt,B,C,"['B', 'C', 'D', 'A']",False
447,dev-data/mutual/dev/dev_501.txt,A,B,"['A', 'B', 'C', 'D']",False
448,dev-data/mutual/dev/dev_502.txt,A,A,"['A', 'C', 'B', 'D']",True
449,dev-data/mutual/dev/dev_503.txt,C,C,"['C', 'A', 'D', 'B']",True
450,dev-data/mutual/dev/dev_504.txt,D,B,"['D', 'B', 'A', 'C']",False
451,dev-data/mutual/dev/dev_505.txt,D,C,"['D', 'C', 'B', 'A']",False
452,dev-data/mutual/dev/dev_506.txt,D,B,"['D', 'B', 'A', 'C']",False
453,dev-data/mutual/dev/dev_507.txt,D,C,"['D', 'A', 'C', 'B']",False
454,dev-data/mutual/dev/dev_508.txt,B,C,"['B', 'C', 'A', 'D']",False
455,dev-data/mutual/dev/dev_509.txt,A,C,"['A', 'C', 'B', 'D']",False
456,dev-data/mutual/dev/dev_51.txt,A,B,"['A', 'D', 'C', 'B']",False
457,dev-data/mutual/dev/dev_510.txt,A,C,"['A', 'C', 'D', 'B']",False
458,dev-data/mutual/dev/dev_511.txt,D,B,"['D', 'B', 'C', 'A']",False
459,dev-data/mutual/dev/dev_512.txt,D,D,"['D', 'C', 'B', 'A']",True
460,dev-data/mutual/dev/dev_513.txt,A,D,"['A', 'B', 'C', 'D']",False
461,dev-data/mutual/dev/dev_514.txt,D,C,"['D', 'A', 'B', 'C']",False
462,dev-data/mutual/dev/dev_515.txt,A,D,"['A', 'B', 'C', 'D']",False
463,dev-data/mutual/dev/dev_516.txt,A,C,"['A', 'D', 'C', 'B']",False
464,dev-data/mutual/dev/dev_517.txt,C,B,"['C', 'A', 'D', 'B']",False
465,dev-data/mutual/dev/dev_518.txt,D,C,"['D', 'B', 'C', 'A']",False
466,dev-data/mutual/dev/dev_519.txt,C,B,"['C', 'B', 'D', 'A']",False
467,dev-data/mutual/dev/dev_52.txt,C,C,"['C', 'A', 'B', 'D']",True
468,dev-data/mutual/dev/dev_520.txt,D,B,"['D', 'B', 'A', 'C']",False
469,dev-data/mutual/dev/dev_521.txt,C,C,"['C', 'A', 'B', 'D']",True
470,dev-data/mutual/dev/dev_522.txt,C,A,"['C', 'B', 'A', 'D']",False
471,dev-data/mutual/dev/dev_523.txt,D,C,"['D', 'B', 'C', 'A']",False
472,dev-data/mutual/dev/dev_524.txt,B,D,"['B', 'C', 'D', 'A']",False
473,dev-data/mutual/dev/dev_525.txt,B,D,"['B', 'C', 'D', 'A']",False
474,dev-data/mutual/dev/dev_526.txt,C,B,"['C', 'B', 'A', 'D']",False
475,dev-data/mutual/dev/dev_527.txt,C,C,"['C', 'B', 'D', 'A']",True
476,dev-data/mutual/dev/dev_528.txt,D,A,"['D', 'C', 'A', 'B']",False
477,dev-data/mutual/dev/dev_529.txt,B,B,"['B', 'A', 'C', 'D']",True
478,dev-data/mutual/dev/dev_53.txt,A,D,"['A', 'C', 'D', 'B']",False
479,dev-data/mutual/dev/dev_530.txt,D,D,"['D', 'C', 'A', 'B']",True
480,dev-data/mutual/dev/dev_531.txt,A,D,"['A', 'B', 'D', 'C']",False
481,dev-data/mutual/dev/dev_532.txt,B,A,"['B', 'A', 'C', 'D']",False
482,dev-data/mutual/dev/dev_533.txt,B,D,"['B', 'C', 'A', 'D']",False
483,dev-data/mutual/dev/dev_534.txt,B,D,"['B', 'C', 'D', 'A']",False
484,dev-data/mutual/dev/dev_535.txt,C,D,"['C', 'D', 'A', 'B']",False
485,dev-data/mutual/dev/dev_536.txt,B,C,"['B', 'A', 'C', 'D']",False
486,dev-data/mutual/dev/dev_537.txt,A,B,"['A', 'D', 'B', 'C']",False
487,dev-data/mutual/dev/dev_538.txt,B,A,"['B', 'A', 'C', 'D']",False
488,dev-data/mutual/dev/dev_539.txt,A,B,"['A', 'D', 'B', 'C']",False
489,dev-data/mutual/dev/dev_54.txt,B,B,"['B', 'A', 'C', 'D']",True
490,dev-data/mutual/dev/dev_540.txt,A,A,"['A', 'C', 'B', 'D']",True
491,dev-data/mutual/dev/dev_541.txt,D,D,"['D', 'C', 'A', 'B']",True
492,dev-data/mutual/dev/dev_542.txt,A,A,"['A', 'D', 'C', 'B']",True
493,dev-data/mutual/dev/dev_543.txt,D,B,"['D', 'B', 'A', 'C']",False
494,dev-data/mutual/dev/dev_544.txt,B,D,"['B', 'D', 'A', 'C']",False
495,dev-data/mutual/dev/dev_545.txt,D,D,"['D', 'C', 'A', 'B']",True
496,dev-data/mutual/dev/dev_546.txt,A,C,"['A', 'C', 'B', 'D']",False
497,dev-data/mutual/dev/dev_547.txt,B,C,"['B', 'D', 'A', 'C']",False
498,dev-data/mutual/dev/dev_548.txt,C,C,"['C', 'D', 'B', 'A']",True
499,dev-data/mutual/dev/dev_549.txt,C,C,"['C', 'D', 'A', 'B']",True
500,dev-data/mutual/dev/dev_55.txt,C,A,"['C', 'A', 'D', 'B']",False
501,dev-data/mutual/dev/dev_550.txt,B,A,"['B', 'A', 'D', 'C']",False
502,dev-data/mutual/dev/dev_551.txt,D,D,"['D', 'B', 'A', 'C']",True
503,dev-data/mutual/dev/dev_552.txt,B,A,"['B', 'A', 'D', 'C']",False
504,dev-data/mutual/dev/dev_553.txt,D,D,"['D', 'A', 'C', 'B']",True
505,dev-data/mutual/dev/dev_554.txt,B,D,"['B', 'D', 'C', 'A']",False
506,dev-data/mutual/dev/dev_555.txt,D,B,"['D', 'C', 'B', 'A']",False
507,dev-data/mutual/dev/dev_556.txt,B,C,"['B', 'A', 'D', 'C']",False
508,dev-data/mutual/dev/dev_557.txt,C,D,"['C', 'B', 'D', 'A']",False
509,dev-data/mutual/dev/dev_558.txt,D,C,"['D', 'C', 'A', 'B']",False
510,dev-data/mutual/dev/dev_559.txt,A,D,"['A', 'D', 'B', 'C']",False
511,dev-data/mutual/dev/dev_56.txt,C,A,"['C', 'A', 'D', 'B']",False
512,dev-data/mutual/dev/dev_560.txt,A,A,"['A', 'B', 'C', 'D']",True
513,dev-data/mutual/dev/dev_561.txt,C,B,"['C', 'B', 'D', 'A']",False
514,dev-data/mutual/dev/dev_562.txt,A,D,"['A', 'B', 'D', 'C']",False
515,dev-data/mutual/dev/dev_563.txt,A,C,"['A', 'B', 'C', 'D']",False
516,dev-data/mutual/dev/dev_564.txt,C,B,"['C', 'D', 'A', 'B']",False
517,dev-data/mutual/dev/dev_565.txt,B,B,"['B', 'A', 'D', 'C']",True
518,dev-data/mutual/dev/dev_566.txt,D,B,"['D', 'B', 'C', 'A']",False
519,dev-data/mutual/dev/dev_567.txt,B,D,"['B', 'C', 'A', 'D']",False
520,dev-data/mutual/dev/dev_568.txt,D,C,"['D', 'A', 'B', 'C']",False
521,dev-data/mutual/dev/dev_569.txt,B,D,"['B', 'D', 'A', 'C']",False
522,dev-data/mutual/dev/dev_57.txt,B,D,"['B', 'A', 'D', 'C']",False
523,dev-data/mutual/dev/dev_570.txt,C,C,"['C', 'B', 'D', 'A']",True
524,dev-data/mutual/dev/dev_571.txt,D,A,"['D', 'A', 'C', 'B']",False
525,dev-data/mutual/dev/dev_572.txt,D,D,"['D', 'B', 'C', 'A']",True
526,dev-data/mutual/dev/dev_573.txt,D,D,"['D', 'C', 'A', 'B']",True
527,dev-data/mutual/dev/dev_574.txt,C,B,"['C', 'A', 'D', 'B']",False
528,dev-data/mutual/dev/dev_575.txt,C,C,"['C', 'D', 'A', 'B']",True
529,dev-data/mutual/dev/dev_576.txt,A,B,"['A', 'C', 'D', 'B']",False
530,dev-data/mutual/dev/dev_577.txt,C,D,"['C', 'A', 'D', 'B']",False
531,dev-data/mutual/dev/dev_578.txt,D,A,"['D', 'B', 'C', 'A']",False
532,dev-data/mutual/dev/dev_579.txt,B,D,"['B', 'D', 'A', 'C']",False
533,dev-data/mutual/dev/dev_58.txt,A,A,"['A', 'D', 'B', 'C']",True
534,dev-data/mutual/dev/dev_580.txt,D,C,"['D', 'A', 'C', 'B']",False
535,dev-data/mutual/dev/dev_581.txt,B,C,"['B', 'D', 'C', 'A']",False
536,dev-data/mutual/dev/dev_582.txt,B,D,"['B', 'D', 'C', 'A']",False
537,dev-data/mutual/dev/dev_583.txt,D,D,"['D', 'B', 'A', 'C']",True
538,dev-data/mutual/dev/dev_584.txt,A,C,"['A', 'B', 'C', 'D']",False
539,dev-data/mutual/dev/dev_585.txt,A,D,"['A', 'B', 'C', 'D']",False
540,dev-data/mutual/dev/dev_586.txt,D,C,"['D', 'A', 'C', 'B']",False
541,dev-data/mutual/dev/dev_587.txt,B,B,"['B', 'A', 'C', 'D']",True
542,dev-data/mutual/dev/dev_588.txt,D,A,"['D', 'C', 'A', 'B']",False
543,dev-data/mutual/dev/dev_589.txt,C,B,"['C', 'D', 'B', 'A']",False
544,dev-data/mutual/dev/dev_59.txt,D,D,"['D', 'A', 'C', 'B']",True
545,dev-data/mutual/dev/dev_590.txt,B,A,"['B', 'D', 'A', 'C']",False
546,dev-data/mutual/dev/dev_591.txt,D,B,"['D', 'B', 'C', 'A']",False
547,dev-data/mutual/dev/dev_592.txt,B,B,"['B', 'D', 'A', 'C']",True
548,dev-data/mutual/dev/dev_593.txt,A,B,"['A', 'C', 'B', 'D']",False
549,dev-data/mutual/dev/dev_594.txt,A,A,"['A', 'B', 'C', 'D']",True
550,dev-data/mutual/dev/dev_595.txt,A,D,"['A', 'B', 'C', 'D']",False
551,dev-data/mutual/dev/dev_596.txt,B,B,"['B', 'D', 'A', 'C']",True
552,dev-data/mutual/dev/dev_597.txt,D,B,"['D', 'B', 'A', 'C']",False
553,dev-data/mutual/dev/dev_598.txt,C,C,"['C', 'A', 'B', 'D']",True
554,dev-data/mutual/dev/dev_599.txt,A,C,"['A', 'C', 'B', 'D']",False
555,dev-data/mutual/dev/dev_6.txt,C,A,"['C', 'B', 'A', 'D']",False
556,dev-data/mutual/dev/dev_60.txt,D,C,"['D', 'A', 'C', 'B']",False
557,dev-data/mutual/dev/dev_600.txt,C,B,"['C', 'A', 'D', 'B']",False
558,dev-data/mutual/dev/dev_601.txt,C,B,"['C', 'A', 'B', 'D']",False
559,dev-data/mutual/dev/dev_602.txt,D,A,"['D', 'B', 'A', 'C']",False
560,dev-data/mutual/dev/dev_603.txt,B,C,"['B', 'A', 'D', 'C']",False
561,dev-data/mutual/dev/dev_604.txt,B,B,"['B', 'A', 'D', 'C']",True
562,dev-data/mutual/dev/dev_605.txt,B,B,"['B', 'D', 'C', 'A']",True
563,dev-data/mutual/dev/dev_606.txt,D,B,"['D', 'A', 'B', 'C']",False
564,dev-data/mutual/dev/dev_607.txt,D,B,"['D', 'B', 'C', 'A']",False
565,dev-data/mutual/dev/dev_608.txt,B,D,"['B', 'A', 'D', 'C']",False
566,dev-data/mutual/dev/dev_609.txt,D,A,"['D', 'B', 'C', 'A']",False
567,dev-data/mutual/dev/dev_61.txt,A,C,"['A', 'B', 'C', 'D']",False
568,dev-data/mutual/dev/dev_610.txt,C,A,"['C', 'D', 'A', 'B']",False
569,dev-data/mutual/dev/dev_611.txt,B,B,"['B', 'A', 'D', 'C']",True
570,dev-data/mutual/dev/dev_612.txt,C,A,"['C', 'D', 'A', 'B']",False
571,dev-data/mutual/dev/dev_613.txt,C,C,"['C', 'D', 'A', 'B']",True
572,dev-data/mutual/dev/dev_614.txt,B,C,"['B', 'C', 'D', 'A']",False
573,dev-data/mutual/dev/dev_615.txt,B,B,"['B', 'C', 'D', 'A']",True
574,dev-data/mutual/dev/dev_616.txt,B,B,"['B', 'C', 'D', 'A']",True
575,dev-data/mutual/dev/dev_617.txt,D,C,"['D', 'B', 'C', 'A']",False
576,dev-data/mutual/dev/dev_618.txt,B,B,"['B', 'A', 'C', 'D']",True
577,dev-data/mutual/dev/dev_619.txt,A,D,"['A', 'D', 'B', 'C']",False
578,dev-data/mutual/dev/dev_62.txt,A,A,"['A', 'B', 'D', 'C']",True
579,dev-data/mutual/dev/dev_620.txt,B,D,"['B', 'C', 'D', 'A']",False
580,dev-data/mutual/dev/dev_621.txt,C,D,"['C', 'B', 'A', 'D']",False
581,dev-data/mutual/dev/dev_622.txt,A,D,"['A', 'C', 'B', 'D']",False
582,dev-data/mutual/dev/dev_623.txt,A,B,"['A', 'C', 'B', 'D']",False
583,dev-data/mutual/dev/dev_624.txt,C,B,"['C', 'A', 'B', 'D']",False
584,dev-data/mutual/dev/dev_625.txt,D,C,"['D', 'A', 'C', 'B']",False
585,dev-data/mutual/dev/dev_626.txt,C,B,"['C', 'A', 'D', 'B']",False
586,dev-data/mutual/dev/dev_627.txt,D,A,"['D', 'A', 'B', 'C']",False
587,dev-data/mutual/dev/dev_628.txt,D,D,"['D', 'A', 'B', 'C']",True
588,dev-data/mutual/dev/dev_629.txt,D,A,"['D', 'C', 'A', 'B']",False
589,dev-data/mutual/dev/dev_63.txt,C,C,"['C', 'D', 'A', 'B']",True
590,dev-data/mutual/dev/dev_630.txt,D,A,"['D', 'B', 'A', 'C']",False
591,dev-data/mutual/dev/dev_631.txt,B,C,"['B', 'C', 'A', 'D']",False
592,dev-data/mutual/dev/dev_632.txt,A,B,"['A', 'B', 'C', 'D']",False
593,dev-data/mutual/dev/dev_633.txt,B,C,"['B', 'D', 'A', 'C']",False
594,dev-data/mutual/dev/dev_634.txt,A,C,"['A', 'C', 'B', 'D']",False
595,dev-data/mutual/dev/dev_635.txt,C,A,"['C', 'B', 'A', 'D']",False
596,dev-data/mutual/dev/dev_636.txt,D,A,"['D', 'B', 'C', 'A']",False
597,dev-data/mutual/dev/dev_637.txt,A,D,"['A', 'C', 'D', 'B']",False
598,dev-data/mutual/dev/dev_638.txt,C,B,"['C', 'D', 'A', 'B']",False
599,dev-data/mutual/dev/dev_639.txt,A,B,"['A', 'C', 'D', 'B']",False
600,dev-data/mutual/dev/dev_64.txt,B,D,"['B', 'C', 'D', 'A']",False
601,dev-data/mutual/dev/dev_640.txt,A,D,"['A', 'B', 'C', 'D']",False
602,dev-data/mutual/dev/dev_641.txt,C,C,"['C', 'D', 'A', 'B']",True
603,dev-data/mutual/dev/dev_642.txt,C,C,"['C', 'B', 'D', 'A']",True
604,dev-data/mutual/dev/dev_643.txt,C,C,"['C', 'D', 'B', 'A']",True
605,dev-data/mutual/dev/dev_644.txt,D,A,"['D', 'C', 'A', 'B']",False
606,dev-data/mutual/dev/dev_645.txt,D,D,"['D', 'C', 'A', 'B']",True
607,dev-data/mutual/dev/dev_646.txt,D,B,"['D', 'C', 'B', 'A']",False
608,dev-data/mutual/dev/dev_647.txt,B,D,"['B', 'A', 'D', 'C']",False
609,dev-data/mutual/dev/dev_648.txt,C,A,"['C', 'B', 'D', 'A']",False
610,dev-data/mutual/dev/dev_649.txt,D,B,"['D', 'C', 'A', 'B']",False
611,dev-data/mutual/dev/dev_65.txt,C,A,"['C', 'D', 'B', 'A']",False
612,dev-data/mutual/dev/dev_650.txt,B,A,"['B', 'A', 'D', 'C']",False
613,dev-data/mutual/dev/dev_651.txt,B,D,"['B', 'D', 'C', 'A']",False
614,dev-data/mutual/dev/dev_652.txt,D,C,"['D', 'B', 'A', 'C']",False
615,dev-data/mutual/dev/dev_653.txt,D,B,"['D', 'C', 'B', 'A']",False
616,dev-data/mutual/dev/dev_654.txt,D,C,"['D', 'C', 'B', 'A']",False
617,dev-data/mutual/dev/dev_655.txt,D,A,"['D', 'B', 'C', 'A']",False
618,dev-data/mutual/dev/dev_656.txt,C,D,"['C', 'A', 'B', 'D']",False
619,dev-data/mutual/dev/dev_657.txt,A,D,"['A', 'D', 'B', 'C']",False
620,dev-data/mutual/dev/dev_658.txt,B,D,"['B', 'A', 'C', 'D']",False
621,dev-data/mutual/dev/dev_659.txt,C,B,"['C', 'B', 'A', 'D']",False
622,dev-data/mutual/dev/dev_66.txt,A,D,"['A', 'C', 'D', 'B']",False
623,dev-data/mutual/dev/dev_660.txt,D,D,"['D', 'C', 'B', 'A']",True
624,dev-data/mutual/dev/dev_661.txt,C,A,"['C', 'B', 'A', 'D']",False
625,dev-data/mutual/dev/dev_662.txt,B,D,"['B', 'C', 'D', 'A']",False
626,dev-data/mutual/dev/dev_663.txt,B,B,"['B', 'A', 'C', 'D']",True
627,dev-data/mutual/dev/dev_664.txt,C,D,"['C', 'B', 'A', 'D']",False
628,dev-data/mutual/dev/dev_665.txt,D,C,"['D', 'B', 'C', 'A']",False
629,dev-data/mutual/dev/dev_666.txt,B,B,"['B', 'A', 'D', 'C']",True
630,dev-data/mutual/dev/dev_667.txt,A,B,"['A', 'B', 'C', 'D']",False
631,dev-data/mutual/dev/dev_668.txt,D,D,"['D', 'B', 'C', 'A']",True
632,dev-data/mutual/dev/dev_669.txt,D,B,"['D', 'A', 'B', 'C']",False
633,dev-data/mutual/dev/dev_67.txt,C,C,"['C', 'D', 'A', 'B']",True
634,dev-data/mutual/dev/dev_670.txt,D,D,"['D', 'C', 'A', 'B']",True
635,dev-data/mutual/dev/dev_671.txt,D,B,"['D', 'A', 'C', 'B']",False
636,dev-data/mutual/dev/dev_672.txt,D,A,"['D', 'C', 'A', 'B']",False
637,dev-data/mutual/dev/dev_673.txt,B,D,"['B', 'A', 'D', 'C']",False
638,dev-data/mutual/dev/dev_674.txt,A,D,"['A', 'B', 'D', 'C']",False
639,dev-data/mutual/dev/dev_675.txt,C,B,"['C', 'A', 'B', 'D']",False
640,dev-data/mutual/dev/dev_676.txt,A,B,"['A', 'D', 'B', 'C']",False
641,dev-data/mutual/dev/dev_677.txt,B,B,"['B', 'A', 'C', 'D']",True
642,dev-data/mutual/dev/dev_678.txt,B,A,"['B', 'D', 'C', 'A']",False
643,dev-data/mutual/dev/dev_679.txt,B,D,"['B', 'C', 'D', 'A']",False
644,dev-data/mutual/dev/dev_68.txt,C,D,"['C', 'D', 'A', 'B']",False
645,dev-data/mutual/dev/dev_680.txt,B,A,"['B', 'C', 'A', 'D']",False
646,dev-data/mutual/dev/dev_681.txt,A,C,"['A', 'B', 'C', 'D']",False
647,dev-data/mutual/dev/dev_682.txt,D,C,"['D', 'C', 'B', 'A']",False
648,dev-data/mutual/dev/dev_683.txt,C,A,"['C', 'A', 'B', 'D']",False
649,dev-data/mutual/dev/dev_684.txt,B,A,"['B', 'A', 'D', 'C']",False
650,dev-data/mutual/dev/dev_685.txt,A,D,"['A', 'D', 'B', 'C']",False
651,dev-data/mutual/dev/dev_686.txt,C,B,"['C', 'A', 'D', 'B']",False
652,dev-data/mutual/dev/dev_687.txt,C,D,"['C', 'A', 'D', 'B']",False
653,dev-data/mutual/dev/dev_688.txt,A,B,"['A', 'D', 'B', 'C']",False
654,dev-data/mutual/dev/dev_689.txt,A,B,"['A', 'D', 'B', 'C']",False
655,dev-data/mutual/dev/dev_69.txt,B,C,"['B', 'D', 'A', 'C']",False
656,dev-data/mutual/dev/dev_690.txt,B,D,"['B', 'D', 'A', 'C']",False
657,dev-data/mutual/dev/dev_691.txt,D,A,"['D', 'A', 'B', 'C']",False
658,dev-data/mutual/dev/dev_692.txt,B,D,"['B', 'A', 'D', 'C']",False
659,dev-data/mutual/dev/dev_693.txt,B,B,"['B', 'C', 'A', 'D']",True
660,dev-data/mutual/dev/dev_694.txt,D,B,"['D', 'C', 'A', 'B']",False
661,dev-data/mutual/dev/dev_695.txt,D,C,"['D', 'B', 'C', 'A']",False
662,dev-data/mutual/dev/dev_696.txt,D,B,"['D', 'A', 'B', 'C']",False
663,dev-data/mutual/dev/dev_697.txt,A,C,"['A', 'B', 'D', 'C']",False
664,dev-data/mutual/dev/dev_698.txt,C,C,"['C', 'A', 'D', 'B']",True
665,dev-data/mutual/dev/dev_699.txt,B,D,"['B', 'C', 'D', 'A']",False
666,dev-data/mutual/dev/dev_7.txt,D,B,"['D', 'C', 'B', 'A']",False
667,dev-data/mutual/dev/dev_70.txt,D,D,"['D', 'C', 'B', 'A']",True
668,dev-data/mutual/dev/dev_700.txt,B,D,"['B', 'C', 'A', 'D']",False
669,dev-data/mutual/dev/dev_701.txt,B,C,"['B', 'C', 'A', 'D']",False
670,dev-data/mutual/dev/dev_702.txt,C,C,"['C', 'A', 'D', 'B']",True
671,dev-data/mutual/dev/dev_703.txt,D,A,"['D', 'B', 'A', 'C']",False
672,dev-data/mutual/dev/dev_704.txt,B,D,"['B', 'D', 'A', 'C']",False
673,dev-data/mutual/dev/dev_705.txt,A,D,"['A', 'B', 'C', 'D']",False
674,dev-data/mutual/dev/dev_706.txt,C,B,"['C', 'D', 'A', 'B']",False
675,dev-data/mutual/dev/dev_707.txt,C,A,"['C', 'D', 'A', 'B']",False
676,dev-data/mutual/dev/dev_708.txt,B,C,"['B', 'A', 'D', 'C']",False
677,dev-data/mutual/dev/dev_709.txt,D,B,"['D', 'C', 'B', 'A']",False
678,dev-data/mutual/dev/dev_71.txt,A,B,"['A', 'B', 'D', 'C']",False
679,dev-data/mutual/dev/dev_710.txt,A,D,"['A', 'D', 'B', 'C']",False
680,dev-data/mutual/dev/dev_711.txt,B,C,"['B', 'A', 'D', 'C']",False
681,dev-data/mutual/dev/dev_712.txt,A,D,"['A', 'D', 'B', 'C']",False
682,dev-data/mutual/dev/dev_713.txt,B,A,"['B', 'C', 'D', 'A']",False
683,dev-data/mutual/dev/dev_714.txt,B,D,"['B', 'A', 'D', 'C']",False
684,dev-data/mutual/dev/dev_715.txt,A,A,"['A', 'D', 'C', 'B']",True
685,dev-data/mutual/dev/dev_716.txt,C,C,"['C', 'D', 'A', 'B']",True
686,dev-data/mutual/dev/dev_717.txt,A,D,"['A', 'C', 'D', 'B']",False
687,dev-data/mutual/dev/dev_718.txt,A,A,"['A', 'C', 'D', 'B']",True
688,dev-data/mutual/dev/dev_719.txt,B,D,"['B', 'A', 'D', 'C']",False
689,dev-data/mutual/dev/dev_72.txt,C,D,"['C', 'B', 'A', 'D']",False
690,dev-data/mutual/dev/dev_720.txt,A,C,"['A', 'B', 'D', 'C']",False
691,dev-data/mutual/dev/dev_721.txt,C,B,"['C', 'D', 'B', 'A']",False
692,dev-data/mutual/dev/dev_722.txt,C,B,"['C', 'B', 'D', 'A']",False
693,dev-data/mutual/dev/dev_723.txt,C,B,"['C', 'D', 'A', 'B']",False
694,dev-data/mutual/dev/dev_724.txt,A,B,"['A', 'B', 'D', 'C']",False
695,dev-data/mutual/dev/dev_725.txt,C,D,"['C', 'A', 'D', 'B']",False
696,dev-data/mutual/dev/dev_726.txt,D,C,"['D', 'A', 'C', 'B']",False
697,dev-data/mutual/dev/dev_727.txt,C,D,"['C', 'A', 'D', 'B']",False
698,dev-data/mutual/dev/dev_728.txt,A,C,"['A', 'C', 'B', 'D']",False
699,dev-data/mutual/dev/dev_729.txt,D,D,"['D', 'C', 'B', 'A']",True
700,dev-data/mutual/dev/dev_73.txt,C,C,"['C', 'B', 'D', 'A']",True
701,dev-data/mutual/dev/dev_730.txt,B,D,"['B', 'A', 'C', 'D']",False
702,dev-data/mutual/dev/dev_731.txt,B,B,"['B', 'A', 'C', 'D']",True
703,dev-data/mutual/dev/dev_732.txt,C,C,"['C', 'A', 'B', 'D']",True
704,dev-data/mutual/dev/dev_733.txt,D,A,"['D', 'A', 'C', 'B']",False
705,dev-data/mutual/dev/dev_734.txt,D,D,"['D', 'C', 'A', 'B']",True
706,dev-data/mutual/dev/dev_735.txt,C,D,"['C', 'B', 'D', 'A']",False
707,dev-data/mutual/dev/dev_736.txt,C,D,"['C', 'D', 'B', 'A']",False
708,dev-data/mutual/dev/dev_737.txt,A,A,"['A', 'C', 'B', 'D']",True
709,dev-data/mutual/dev/dev_738.txt,C,A,"['C', 'A', 'B', 'D']",False
710,dev-data/mutual/dev/dev_739.txt,B,B,"['B', 'C', 'A', 'D']",True
711,dev-data/mutual/dev/dev_74.txt,C,D,"['C', 'D', 'B', 'A']",False
712,dev-data/mutual/dev/dev_740.txt,D,B,"['D', 'B', 'A', 'C']",False
713,dev-data/mutual/dev/dev_741.txt,A,D,"['A', 'D', 'C', 'B']",False
714,dev-data/mutual/dev/dev_742.txt,D,C,"['D', 'C', 'B', 'A']",False
715,dev-data/mutual/dev/dev_743.txt,C,A,"['C', 'A', 'D', 'B']",False
716,dev-data/mutual/dev/dev_744.txt,B,C,"['B', 'A', 'C', 'D']",False
717,dev-data/mutual/dev/dev_745.txt,C,D,"['C', 'B', 'D', 'A']",False
718,dev-data/mutual/dev/dev_746.txt,C,C,"['C', 'D', 'A', 'B']",True
719,dev-data/mutual/dev/dev_747.txt,A,C,"['A', 'D', 'C', 'B']",False
720,dev-data/mutual/dev/dev_748.txt,C,C,"['C', 'A', 'B', 'D']",True
721,dev-data/mutual/dev/dev_749.txt,A,A,"['A', 'C', 'D', 'B']",True
722,dev-data/mutual/dev/dev_75.txt,D,B,"['D', 'B', 'A', 'C']",False
723,dev-data/mutual/dev/dev_750.txt,B,C,"['B', 'A', 'D', 'C']",False
724,dev-data/mutual/dev/dev_751.txt,A,D,"['A', 'B', 'D', 'C']",False
725,dev-data/mutual/dev/dev_752.txt,B,C,"['B', 'A', 'C', 'D']",False
726,dev-data/mutual/dev/dev_753.txt,C,C,"['C', 'A', 'B', 'D']",True
727,dev-data/mutual/dev/dev_754.txt,B,A,"['B', 'A', 'C', 'D']",False
728,dev-data/mutual/dev/dev_755.txt,B,B,"['B', 'D', 'C', 'A']",True
729,dev-data/mutual/dev/dev_756.txt,B,C,"['B', 'D', 'C', 'A']",False
730,dev-data/mutual/dev/dev_757.txt,B,D,"['B', 'A', 'D', 'C']",False
731,dev-data/mutual/dev/dev_758.txt,D,A,"['D', 'B', 'C', 'A']",False
732,dev-data/mutual/dev/dev_759.txt,C,D,"['C', 'B', 'A', 'D']",False
733,dev-data/mutual/dev/dev_76.txt,A,B,"['A', 'D', 'C', 'B']",False
734,dev-data/mutual/dev/dev_760.txt,B,A,"['B', 'D', 'C', 'A']",False
735,dev-data/mutual/dev/dev_761.txt,D,A,"['D', 'A', 'B', 'C']",False
736,dev-data/mutual/dev/dev_762.txt,B,C,"['B', 'C', 'D', 'A']",False
737,dev-data/mutual/dev/dev_763.txt,A,B,"['A', 'C', 'D', 'B']",False
738,dev-data/mutual/dev/dev_764.txt,C,A,"['C', 'B', 'A', 'D']",False
739,dev-data/mutual/dev/dev_765.txt,C,B,"['C', 'D', 'B', 'A']",False
740,dev-data/mutual/dev/dev_766.txt,D,D,"['D', 'B', 'C', 'A']",True
741,dev-data/mutual/dev/dev_767.txt,A,C,"['A', 'B', 'C', 'D']",False
742,dev-data/mutual/dev/dev_768.txt,B,D,"['B', 'C', 'D', 'A']",False
743,dev-data/mutual/dev/dev_769.txt,B,D,"['B', 'C', 'A', 'D']",False
744,dev-data/mutual/dev/dev_77.txt,B,A,"['B', 'A', 'C', 'D']",False
745,dev-data/mutual/dev/dev_770.txt,A,A,"['A', 'D', 'B', 'C']",True
746,dev-data/mutual/dev/dev_771.txt,D,C,"['D', 'B', 'A', 'C']",False
747,dev-data/mutual/dev/dev_772.txt,A,C,"['A', 'B', 'C', 'D']",False
748,dev-data/mutual/dev/dev_773.txt,D,B,"['D', 'B', 'C', 'A']",False
749,dev-data/mutual/dev/dev_774.txt,A,B,"['A', 'B', 'D', 'C']",False
750,dev-data/mutual/dev/dev_775.txt,A,D,"['A', 'D', 'C', 'B']",False
751,dev-data/mutual/dev/dev_776.txt,C,C,"['C', 'B', 'A', 'D']",True
752,dev-data/mutual/dev/dev_777.txt,B,C,"['B', 'A', 'D', 'C']",False
753,dev-data/mutual/dev/dev_778.txt,A,B,"['A', 'C', 'B', 'D']",False
754,dev-data/mutual/dev/dev_779.txt,C,A,"['C', 'D', 'A', 'B']",False
755,dev-data/mutual/dev/dev_78.txt,A,A,"['A', 'B', 'D', 'C']",True
756,dev-data/mutual/dev/dev_780.txt,C,C,"['C', 'D', 'B', 'A']",True
757,dev-data/mutual/dev/dev_781.txt,C,D,"['C', 'D', 'B', 'A']",False
758,dev-data/mutual/dev/dev_782.txt,C,C,"['C', 'B', 'D', 'A']",True
759,dev-data/mutual/dev/dev_783.txt,A,D,"['A', 'C', 'D', 'B']",False
760,dev-data/mutual/dev/dev_784.txt,D,A,"['D', 'B', 'A', 'C']",False
761,dev-data/mutual/dev/dev_785.txt,D,D,"['D', 'C', 'A', 'B']",True
762,dev-data/mutual/dev/dev_786.txt,B,C,"['B', 'A', 'C', 'D']",False
763,dev-data/mutual/dev/dev_787.txt,C,A,"['C', 'D', 'A', 'B']",False
764,dev-data/mutual/dev/dev_788.txt,B,C,"['B', 'A', 'D', 'C']",False
765,dev-data/mutual/dev/dev_789.txt,A,A,"['A', 'B', 'C', 'D']",True
766,dev-data/mutual/dev/dev_79.txt,A,A,"['A', 'D', 'C', 'B']",True
767,dev-data/mutual/dev/dev_790.txt,B,A,"['B', 'D', 'C', 'A']",False
768,dev-data/mutual/dev/dev_791.txt,D,D,"['D', 'C', 'B', 'A']",True
769,dev-data/mutual/dev/dev_792.txt,D,B,"['D', 'A', 'C', 'B']",False
770,dev-data/mutual/dev/dev_793.txt,C,A,"['C', 'A', 'B', 'D']",False
771,dev-data/mutual/dev/dev_794.txt,B,C,"['B', 'A', 'C', 'D']",False
772,dev-data/mutual/dev/dev_795.txt,B,B,"['B', 'C', 'D', 'A']",True
773,dev-data/mutual/dev/dev_796.txt,C,D,"['C', 'D', 'B', 'A']",False
774,dev-data/mutual/dev/dev_797.txt,D,B,"['D', 'C', 'B', 'A']",False
775,dev-data/mutual/dev/dev_798.txt,B,C,"['B', 'D', 'C', 'A']",False
776,dev-data/mutual/dev/dev_799.txt,D,A,"['D', 'B', 'C', 'A']",False
777,dev-data/mutual/dev/dev_8.txt,D,D,"['D', 'C', 'B', 'A']",True
778,dev-data/mutual/dev/dev_80.txt,A,C,"['A', 'B', 'C', 'D']",False
779,dev-data/mutual/dev/dev_800.txt,C,D,"['C', 'D', 'B', 'A']",False
780,dev-data/mutual/dev/dev_801.txt,A,A,"['A', 'D', 'C', 'B']",True
781,dev-data/mutual/dev/dev_802.txt,D,A,"['D', 'A', 'C', 'B']",False
782,dev-data/mutual/dev/dev_803.txt,A,A,"['A', 'D', 'B', 'C']",True
783,dev-data/mutual/dev/dev_804.txt,D,A,"['D', 'C', 'A', 'B']",False
784,dev-data/mutual/dev/dev_805.txt,C,A,"['C', 'B', 'D', 'A']",False
785,dev-data/mutual/dev/dev_806.txt,D,C,"['D', 'B', 'A', 'C']",False
786,dev-data/mutual/dev/dev_807.txt,B,A,"['B', 'C', 'A', 'D']",False
787,dev-data/mutual/dev/dev_808.txt,C,C,"['C', 'A', 'B', 'D']",True
788,dev-data/mutual/dev/dev_809.txt,D,D,"['D', 'B', 'A', 'C']",True
789,dev-data/mutual/dev/dev_81.txt,C,D,"['C', 'A', 'B', 'D']",False
790,dev-data/mutual/dev/dev_810.txt,A,C,"['A', 'D', 'B', 'C']",False
791,dev-data/mutual/dev/dev_811.txt,B,C,"['B', 'D', 'C', 'A']",False
792,dev-data/mutual/dev/dev_812.txt,A,B,"['A', 'C', 'B', 'D']",False
793,dev-data/mutual/dev/dev_813.txt,D,B,"['D', 'C', 'A', 'B']",False
794,dev-data/mutual/dev/dev_814.txt,A,D,"['A', 'C', 'D', 'B']",False
795,dev-data/mutual/dev/dev_815.txt,C,D,"['C', 'A', 'D', 'B']",False
796,dev-data/mutual/dev/dev_816.txt,B,D,"['B', 'D', 'A', 'C']",False
797,dev-data/mutual/dev/dev_817.txt,A,A,"['A', 'B', 'C', 'D']",True
798,dev-data/mutual/dev/dev_818.txt,D,C,"['D', 'B', 'A', 'C']",False
799,dev-data/mutual/dev/dev_819.txt,A,D,"['A', 'D', 'B', 'C']",False
800,dev-data/mutual/dev/dev_82.txt,D,D,"['D', 'C', 'A', 'B']",True
801,dev-data/mutual/dev/dev_820.txt,B,A,"['B', 'D', 'C', 'A']",False
802,dev-data/mutual/dev/dev_821.txt,A,A,"['A', 'C', 'D', 'B']",True
803,dev-data/mutual/dev/dev_822.txt,B,D,"['B', 'A', 'D', 'C']",False
804,dev-data/mutual/dev/dev_823.txt,C,A,"['C', 'B', 'D', 'A']",False
805,dev-data/mutual/dev/dev_824.txt,A,D,"['A', 'C', 'B', 'D']",False
806,dev-data/mutual/dev/dev_825.txt,A,A,"['A', 'C', 'D', 'B']",True
807,dev-data/mutual/dev/dev_826.txt,A,A,"['A', 'B', 'C', 'D']",True
808,dev-data/mutual/dev/dev_827.txt,C,C,"['C', 'D', 'A', 'B']",True
809,dev-data/mutual/dev/dev_828.txt,C,C,"['C', 'D', 'B', 'A']",True
810,dev-data/mutual/dev/dev_829.txt,C,B,"['C', 'A', 'D', 'B']",False
811,dev-data/mutual/dev/dev_83.txt,D,C,"['D', 'A', 'B', 'C']",False
812,dev-data/mutual/dev/dev_830.txt,B,A,"['B', 'A', 'D', 'C']",False
813,dev-data/mutual/dev/dev_831.txt,B,D,"['B', 'C', 'A', 'D']",False
814,dev-data/mutual/dev/dev_832.txt,B,B,"['B', 'A', 'D', 'C']",True
815,dev-data/mutual/dev/dev_833.txt,D,C,"['D', 'B', 'C', 'A']",False
816,dev-data/mutual/dev/dev_834.txt,A,A,"['A', 'D', 'B', 'C']",True
817,dev-data/mutual/dev/dev_835.txt,A,C,"['A', 'C', 'D', 'B']",False
818,dev-data/mutual/dev/dev_836.txt,D,A,"['D', 'A', 'C', 'B']",False
819,dev-data/mutual/dev/dev_837.txt,B,B,"['B', 'C', 'A', 'D']",True
820,dev-data/mutual/dev/dev_838.txt,D,B,"['D', 'A', 'B', 'C']",False
821,dev-data/mutual/dev/dev_839.txt,D,D,"['D', 'A', 'C', 'B']",True
822,dev-data/mutual/dev/dev_84.txt,C,B,"['C', 'A', 'D', 'B']",False
823,dev-data/mutual/dev/dev_840.txt,A,C,"['A', 'C', 'B', 'D']",False
824,dev-data/mutual/dev/dev_841.txt,A,C,"['A', 'C', 'D', 'B']",False
825,dev-data/mutual/dev/dev_842.txt,A,C,"['A', 'C', 'D', 'B']",False
826,dev-data/mutual/dev/dev_843.txt,A,D,"['A', 'C', 'B', 'D']",False
827,dev-data/mutual/dev/dev_844.txt,B,C,"['B', 'D', 'C', 'A']",False
828,dev-data/mutual/dev/dev_845.txt,A,C,"['A', 'B', 'D', 'C']",False
829,dev-data/mutual/dev/dev_846.txt,B,D,"['B', 'D', 'C', 'A']",False
830,dev-data/mutual/dev/dev_847.txt,C,C,"['C', 'B', 'D', 'A']",True
831,dev-data/mutual/dev/dev_848.txt,A,B,"['A', 'B', 'C', 'D']",False
832,dev-data/mutual/dev/dev_849.txt,C,A,"['C', 'D', 'B', 'A']",False
833,dev-data/mutual/dev/dev_85.txt,C,C,"['C', 'A', 'B', 'D']",True
834,dev-data/mutual/dev/dev_850.txt,D,C,"['D', 'C', 'A', 'B']",False
835,dev-data/mutual/dev/dev_851.txt,C,C,"['C', 'A', 'D', 'B']",True
836,dev-data/mutual/dev/dev_852.txt,B,D,"['B', 'A', 'D', 'C']",False
837,dev-data/mutual/dev/dev_853.txt,D,D,"['D', 'B', 'C', 'A']",True
838,dev-data/mutual/dev/dev_854.txt,C,C,"['C', 'A', 'D', 'B']",True
839,dev-data/mutual/dev/dev_855.txt,D,A,"['D', 'C', 'B', 'A']",False
840,dev-data/mutual/dev/dev_856.txt,A,D,"['A', 'D', 'C', 'B']",False
841,dev-data/mutual/dev/dev_857.txt,A,B,"['A', 'B', 'C', 'D']",False
842,dev-data/mutual/dev/dev_858.txt,D,C,"['D', 'A', 'C', 'B']",False
843,dev-data/mutual/dev/dev_859.txt,C,D,"['C', 'D', 'A', 'B']",False
844,dev-data/mutual/dev/dev_86.txt,C,D,"['C', 'B', 'D', 'A']",False
845,dev-data/mutual/dev/dev_860.txt,B,A,"['B', 'A', 'C', 'D']",False
846,dev-data/mutual/dev/dev_861.txt,A,D,"['A', 'D', 'C', 'B']",False
847,dev-data/mutual/dev/dev_862.txt,D,A,"['D', 'B', 'A', 'C']",False
848,dev-data/mutual/dev/dev_863.txt,B,D,"['B', 'C', 'D', 'A']",False
849,dev-data/mutual/dev/dev_864.txt,D,C,"['D', 'A', 'B', 'C']",False
850,dev-data/mutual/dev/dev_865.txt,B,C,"['B', 'C', 'D', 'A']",False
851,dev-data/mutual/dev/dev_866.txt,D,A,"['D', 'C', 'B', 'A']",False
852,dev-data/mutual/dev/dev_867.txt,D,D,"['D', 'B', 'C', 'A']",True
853,dev-data/mutual/dev/dev_868.txt,C,D,"['C', 'D', 'B', 'A']",False
854,dev-data/mutual/dev/dev_869.txt,C,D,"['C', 'A', 'B', 'D']",False
855,dev-data/mutual/dev/dev_87.txt,A,A,"['A', 'B', 'C', 'D']",True
856,dev-data/mutual/dev/dev_870.txt,D,A,"['D', 'C', 'B', 'A']",False
857,dev-data/mutual/dev/dev_871.txt,D,D,"['D', 'B', 'C', 'A']",True
858,dev-data/mutual/dev/dev_872.txt,C,A,"['C', 'B', 'A', 'D']",False
859,dev-data/mutual/dev/dev_873.txt,B,A,"['B', 'C', 'A', 'D']",False
860,dev-data/mutual/dev/dev_874.txt,A,B,"['A', 'B', 'C', 'D']",False
861,dev-data/mutual/dev/dev_875.txt,D,C,"['D', 'C', 'A', 'B']",False
862,dev-data/mutual/dev/dev_876.txt,C,A,"['C', 'D', 'B', 'A']",False
863,dev-data/mutual/dev/dev_877.txt,B,D,"['B', 'A', 'D', 'C']",False
864,dev-data/mutual/dev/dev_878.txt,A,A,"['A', 'B', 'D', 'C']",True
865,dev-data/mutual/dev/dev_879.txt,B,A,"['B', 'A', 'C', 'D']",False
866,dev-data/mutual/dev/dev_88.txt,B,B,"['B', 'D', 'A', 'C']",True
867,dev-data/mutual/dev/dev_880.txt,C,B,"['C', 'A', 'B', 'D']",False
868,dev-data/mutual/dev/dev_881.txt,A,D,"['A', 'B', 'D', 'C']",False
869,dev-data/mutual/dev/dev_882.txt,B,A,"['B', 'C', 'A', 'D']",False
870,dev-data/mutual/dev/dev_883.txt,B,B,"['B', 'A', 'D', 'C']",True
871,dev-data/mutual/dev/dev_884.txt,A,B,"['A', 'B', 'C', 'D']",False
872,dev-data/mutual/dev/dev_885.txt,D,C,"['D', 'C', 'A', 'B']",False
873,dev-data/mutual/dev/dev_886.txt,C,C,"['C', 'D', 'A', 'B']",True
874,dev-data/mutual/dev/dev_89.txt,C,B,"['C', 'B', 'D', 'A']",False
875,dev-data/mutual/dev/dev_9.txt,C,A,"['C', 'A', 'D', 'B']",False
876,dev-data/mutual/dev/dev_90.txt,C,A,"['C', 'B', 'D', 'A']",False
877,dev-data/mutual/dev/dev_91.txt,A,D,"['A', 'B', 'D', 'C']",False
878,dev-data/mutual/dev/dev_92.txt,A,D,"['A', 'D', 'C', 'B']",False
879,dev-data/mutual/dev/dev_93.txt,A,C,"['A', 'D', 'B', 'C']",False
880,dev-data/mutual/dev/dev_94.txt,C,C,"['C', 'D', 'A', 'B']",True
881,dev-data/mutual/dev/dev_95.txt,D,C,"['D', 'B', 'A', 'C']",False
882,dev-data/mutual/dev/dev_96.txt,A,A,"['A', 'D', 'C', 'B']",True
883,dev-data/mutual/dev/dev_97.txt,C,D,"['C', 'B', 'A', 'D']",False
884,dev-data/mutual/dev/dev_98.txt,A,D,"['A', 'C', 'B', 'D']",False
885,dev-data/mutual/dev/dev_99.txt,B,A,"['B', 'D', 'A', 'C']",False
