,example_id,predicted_label,real_label,correct
0,dev-data/mutual/dev/dev_1.txt,B,B,True
1,dev-data/mutual/dev/dev_10.txt,A,C,False
2,dev-data/mutual/dev/dev_100.txt,A,C,False
3,dev-data/mutual/dev/dev_101.txt,B,D,False
4,dev-data/mutual/dev/dev_102.txt,A,A,True
5,dev-data/mutual/dev/dev_103.txt,C,D,False
6,dev-data/mutual/dev/dev_104.txt,A,D,False
7,dev-data/mutual/dev/dev_105.txt,D,D,True
8,dev-data/mutual/dev/dev_106.txt,B,C,False
9,dev-data/mutual/dev/dev_107.txt,B,B,True
10,dev-data/mutual/dev/dev_108.txt,C,A,False
11,dev-data/mutual/dev/dev_109.txt,A,D,False
12,dev-data/mutual/dev/dev_11.txt,B,A,False
13,dev-data/mutual/dev/dev_110.txt,B,A,False
14,dev-data/mutual/dev/dev_111.txt,C,D,False
15,dev-data/mutual/dev/dev_112.txt,C,B,False
16,dev-data/mutual/dev/dev_113.txt,C,A,False
17,dev-data/mutual/dev/dev_114.txt,B,B,True
18,dev-data/mutual/dev/dev_115.txt,A,D,False
19,dev-data/mutual/dev/dev_116.txt,D,B,False
20,dev-data/mutual/dev/dev_117.txt,C,D,False
21,dev-data/mutual/dev/dev_118.txt,D,C,False
22,dev-data/mutual/dev/dev_119.txt,B,A,False
23,dev-data/mutual/dev/dev_12.txt,B,A,False
24,dev-data/mutual/dev/dev_120.txt,C,A,False
25,dev-data/mutual/dev/dev_121.txt,D,C,False
26,dev-data/mutual/dev/dev_122.txt,C,C,True
27,dev-data/mutual/dev/dev_123.txt,B,B,True
28,dev-data/mutual/dev/dev_124.txt,D,A,False
29,dev-data/mutual/dev/dev_125.txt,D,D,True
30,dev-data/mutual/dev/dev_126.txt,B,A,False
31,dev-data/mutual/dev/dev_127.txt,C,A,False
32,dev-data/mutual/dev/dev_128.txt,C,B,False
33,dev-data/mutual/dev/dev_129.txt,C,C,True
34,dev-data/mutual/dev/dev_13.txt,D,D,True
35,dev-data/mutual/dev/dev_130.txt,A,B,False
36,dev-data/mutual/dev/dev_131.txt,A,A,True
37,dev-data/mutual/dev/dev_132.txt,B,A,False
38,dev-data/mutual/dev/dev_133.txt,D,D,True
39,dev-data/mutual/dev/dev_134.txt,B,D,False
40,dev-data/mutual/dev/dev_135.txt,D,D,True
41,dev-data/mutual/dev/dev_136.txt,B,B,True
42,dev-data/mutual/dev/dev_137.txt,B,B,True
43,dev-data/mutual/dev/dev_138.txt,B,D,False
44,dev-data/mutual/dev/dev_139.txt,B,D,False
45,dev-data/mutual/dev/dev_14.txt,A,C,False
46,dev-data/mutual/dev/dev_140.txt,B,C,False
47,dev-data/mutual/dev/dev_141.txt,D,B,False
48,dev-data/mutual/dev/dev_142.txt,A,C,False
49,dev-data/mutual/dev/dev_143.txt,A,A,True
50,dev-data/mutual/dev/dev_144.txt,D,D,True
51,dev-data/mutual/dev/dev_145.txt,B,D,False
52,dev-data/mutual/dev/dev_146.txt,D,A,False
53,dev-data/mutual/dev/dev_147.txt,D,A,False
54,dev-data/mutual/dev/dev_148.txt,D,C,False
55,dev-data/mutual/dev/dev_149.txt,C,B,False
56,dev-data/mutual/dev/dev_15.txt,D,D,True
57,dev-data/mutual/dev/dev_150.txt,A,C,False
58,dev-data/mutual/dev/dev_151.txt,A,B,False
59,dev-data/mutual/dev/dev_152.txt,A,A,True
60,dev-data/mutual/dev/dev_153.txt,D,B,False
61,dev-data/mutual/dev/dev_154.txt,B,D,False
62,dev-data/mutual/dev/dev_155.txt,A,A,True
63,dev-data/mutual/dev/dev_156.txt,B,C,False
64,dev-data/mutual/dev/dev_157.txt,A,D,False
65,dev-data/mutual/dev/dev_158.txt,D,D,True
66,dev-data/mutual/dev/dev_159.txt,B,D,False
67,dev-data/mutual/dev/dev_16.txt,B,A,False
68,dev-data/mutual/dev/dev_160.txt,B,D,False
69,dev-data/mutual/dev/dev_161.txt,D,B,False
70,dev-data/mutual/dev/dev_162.txt,A,A,True
71,dev-data/mutual/dev/dev_163.txt,C,A,False
72,dev-data/mutual/dev/dev_164.txt,D,C,False
73,dev-data/mutual/dev/dev_165.txt,A,D,False
74,dev-data/mutual/dev/dev_166.txt,D,B,False
75,dev-data/mutual/dev/dev_167.txt,D,B,False
76,dev-data/mutual/dev/dev_168.txt,A,A,True
77,dev-data/mutual/dev/dev_169.txt,A,C,False
78,dev-data/mutual/dev/dev_17.txt,B,B,True
79,dev-data/mutual/dev/dev_170.txt,A,B,False
80,dev-data/mutual/dev/dev_171.txt,A,C,False
81,dev-data/mutual/dev/dev_172.txt,B,D,False
82,dev-data/mutual/dev/dev_173.txt,D,C,False
83,dev-data/mutual/dev/dev_174.txt,B,D,False
84,dev-data/mutual/dev/dev_175.txt,A,D,False
85,dev-data/mutual/dev/dev_176.txt,C,C,True
86,dev-data/mutual/dev/dev_177.txt,C,B,False
87,dev-data/mutual/dev/dev_178.txt,B,A,False
88,dev-data/mutual/dev/dev_179.txt,D,A,False
89,dev-data/mutual/dev/dev_18.txt,C,D,False
90,dev-data/mutual/dev/dev_180.txt,B,C,False
91,dev-data/mutual/dev/dev_181.txt,A,D,False
92,dev-data/mutual/dev/dev_182.txt,B,B,True
93,dev-data/mutual/dev/dev_183.txt,A,D,False
94,dev-data/mutual/dev/dev_184.txt,C,B,False
95,dev-data/mutual/dev/dev_185.txt,D,B,False
96,dev-data/mutual/dev/dev_186.txt,C,C,True
97,dev-data/mutual/dev/dev_187.txt,C,A,False
98,dev-data/mutual/dev/dev_188.txt,C,D,False
99,dev-data/mutual/dev/dev_189.txt,C,D,False
100,dev-data/mutual/dev/dev_19.txt,D,C,False
101,dev-data/mutual/dev/dev_190.txt,B,A,False
102,dev-data/mutual/dev/dev_191.txt,C,A,False
103,dev-data/mutual/dev/dev_192.txt,B,C,False
104,dev-data/mutual/dev/dev_193.txt,C,A,False
105,dev-data/mutual/dev/dev_194.txt,D,C,False
106,dev-data/mutual/dev/dev_195.txt,B,D,False
107,dev-data/mutual/dev/dev_196.txt,A,C,False
108,dev-data/mutual/dev/dev_197.txt,D,D,True
109,dev-data/mutual/dev/dev_198.txt,D,A,False
110,dev-data/mutual/dev/dev_199.txt,D,C,False
111,dev-data/mutual/dev/dev_2.txt,C,C,True
112,dev-data/mutual/dev/dev_20.txt,A,C,False
113,dev-data/mutual/dev/dev_200.txt,A,C,False
114,dev-data/mutual/dev/dev_201.txt,D,C,False
115,dev-data/mutual/dev/dev_202.txt,B,C,False
116,dev-data/mutual/dev/dev_203.txt,D,A,False
117,dev-data/mutual/dev/dev_204.txt,C,B,False
118,dev-data/mutual/dev/dev_205.txt,A,A,True
119,dev-data/mutual/dev/dev_206.txt,D,D,True
120,dev-data/mutual/dev/dev_207.txt,D,A,False
121,dev-data/mutual/dev/dev_208.txt,A,B,False
122,dev-data/mutual/dev/dev_209.txt,C,D,False
123,dev-data/mutual/dev/dev_21.txt,D,C,False
124,dev-data/mutual/dev/dev_210.txt,A,B,False
125,dev-data/mutual/dev/dev_211.txt,C,D,False
126,dev-data/mutual/dev/dev_212.txt,D,D,True
127,dev-data/mutual/dev/dev_213.txt,C,A,False
128,dev-data/mutual/dev/dev_214.txt,A,B,False
129,dev-data/mutual/dev/dev_215.txt,C,D,False
130,dev-data/mutual/dev/dev_216.txt,C,A,False
131,dev-data/mutual/dev/dev_217.txt,B,D,False
132,dev-data/mutual/dev/dev_218.txt,C,D,False
133,dev-data/mutual/dev/dev_219.txt,B,B,True
134,dev-data/mutual/dev/dev_22.txt,A,B,False
135,dev-data/mutual/dev/dev_220.txt,B,D,False
136,dev-data/mutual/dev/dev_221.txt,A,D,False
137,dev-data/mutual/dev/dev_222.txt,A,B,False
138,dev-data/mutual/dev/dev_223.txt,D,D,True
139,dev-data/mutual/dev/dev_224.txt,A,A,True
140,dev-data/mutual/dev/dev_225.txt,A,D,False
141,dev-data/mutual/dev/dev_226.txt,D,A,False
142,dev-data/mutual/dev/dev_227.txt,A,B,False
143,dev-data/mutual/dev/dev_228.txt,D,B,False
144,dev-data/mutual/dev/dev_229.txt,D,D,True
145,dev-data/mutual/dev/dev_23.txt,B,D,False
146,dev-data/mutual/dev/dev_230.txt,B,A,False
147,dev-data/mutual/dev/dev_231.txt,D,A,False
148,dev-data/mutual/dev/dev_232.txt,B,B,True
149,dev-data/mutual/dev/dev_233.txt,D,D,True
150,dev-data/mutual/dev/dev_234.txt,A,A,True
151,dev-data/mutual/dev/dev_235.txt,B,D,False
152,dev-data/mutual/dev/dev_236.txt,C,C,True
153,dev-data/mutual/dev/dev_237.txt,D,D,True
154,dev-data/mutual/dev/dev_238.txt,A,D,False
155,dev-data/mutual/dev/dev_239.txt,D,A,False
156,dev-data/mutual/dev/dev_24.txt,A,C,False
157,dev-data/mutual/dev/dev_240.txt,B,A,False
158,dev-data/mutual/dev/dev_241.txt,D,A,False
159,dev-data/mutual/dev/dev_242.txt,C,B,False
160,dev-data/mutual/dev/dev_243.txt,D,D,True
161,dev-data/mutual/dev/dev_244.txt,C,D,False
162,dev-data/mutual/dev/dev_245.txt,D,D,True
163,dev-data/mutual/dev/dev_246.txt,A,B,False
164,dev-data/mutual/dev/dev_247.txt,B,D,False
165,dev-data/mutual/dev/dev_248.txt,C,B,False
166,dev-data/mutual/dev/dev_249.txt,B,B,True
167,dev-data/mutual/dev/dev_25.txt,A,C,False
168,dev-data/mutual/dev/dev_250.txt,A,D,False
169,dev-data/mutual/dev/dev_251.txt,A,C,False
170,dev-data/mutual/dev/dev_252.txt,D,D,True
171,dev-data/mutual/dev/dev_253.txt,B,C,False
172,dev-data/mutual/dev/dev_254.txt,D,D,True
173,dev-data/mutual/dev/dev_255.txt,D,B,False
174,dev-data/mutual/dev/dev_256.txt,D,A,False
175,dev-data/mutual/dev/dev_257.txt,D,A,False
176,dev-data/mutual/dev/dev_258.txt,D,D,True
177,dev-data/mutual/dev/dev_259.txt,B,B,True
178,dev-data/mutual/dev/dev_26.txt,D,A,False
179,dev-data/mutual/dev/dev_260.txt,B,A,False
180,dev-data/mutual/dev/dev_261.txt,D,A,False
181,dev-data/mutual/dev/dev_262.txt,D,D,True
182,dev-data/mutual/dev/dev_263.txt,C,B,False
183,dev-data/mutual/dev/dev_264.txt,D,A,False
184,dev-data/mutual/dev/dev_265.txt,B,A,False
185,dev-data/mutual/dev/dev_266.txt,D,D,True
186,dev-data/mutual/dev/dev_267.txt,D,A,False
187,dev-data/mutual/dev/dev_268.txt,C,A,False
188,dev-data/mutual/dev/dev_269.txt,B,B,True
189,dev-data/mutual/dev/dev_27.txt,D,A,False
190,dev-data/mutual/dev/dev_270.txt,A,B,False
191,dev-data/mutual/dev/dev_271.txt,D,A,False
192,dev-data/mutual/dev/dev_272.txt,D,B,False
193,dev-data/mutual/dev/dev_273.txt,D,B,False
194,dev-data/mutual/dev/dev_274.txt,D,C,False
195,dev-data/mutual/dev/dev_275.txt,A,A,True
196,dev-data/mutual/dev/dev_276.txt,B,D,False
197,dev-data/mutual/dev/dev_277.txt,A,C,False
198,dev-data/mutual/dev/dev_278.txt,D,D,True
199,dev-data/mutual/dev/dev_279.txt,D,D,True
200,dev-data/mutual/dev/dev_28.txt,D,C,False
201,dev-data/mutual/dev/dev_280.txt,D,D,True
202,dev-data/mutual/dev/dev_281.txt,B,D,False
203,dev-data/mutual/dev/dev_282.txt,C,A,False
204,dev-data/mutual/dev/dev_283.txt,C,A,False
205,dev-data/mutual/dev/dev_284.txt,C,D,False
206,dev-data/mutual/dev/dev_285.txt,B,B,True
207,dev-data/mutual/dev/dev_286.txt,A,C,False
208,dev-data/mutual/dev/dev_287.txt,D,C,False
209,dev-data/mutual/dev/dev_288.txt,B,D,False
210,dev-data/mutual/dev/dev_289.txt,B,D,False
211,dev-data/mutual/dev/dev_29.txt,B,D,False
212,dev-data/mutual/dev/dev_290.txt,A,D,False
213,dev-data/mutual/dev/dev_291.txt,B,B,True
214,dev-data/mutual/dev/dev_292.txt,B,C,False
215,dev-data/mutual/dev/dev_293.txt,B,A,False
216,dev-data/mutual/dev/dev_294.txt,C,A,False
217,dev-data/mutual/dev/dev_295.txt,A,C,False
218,dev-data/mutual/dev/dev_296.txt,C,B,False
219,dev-data/mutual/dev/dev_297.txt,D,B,False
220,dev-data/mutual/dev/dev_298.txt,B,D,False
221,dev-data/mutual/dev/dev_299.txt,A,C,False
222,dev-data/mutual/dev/dev_3.txt,B,C,False
223,dev-data/mutual/dev/dev_30.txt,A,B,False
224,dev-data/mutual/dev/dev_300.txt,A,D,False
225,dev-data/mutual/dev/dev_301.txt,C,D,False
226,dev-data/mutual/dev/dev_302.txt,C,D,False
227,dev-data/mutual/dev/dev_303.txt,D,D,True
228,dev-data/mutual/dev/dev_304.txt,D,D,True
229,dev-data/mutual/dev/dev_305.txt,B,D,False
230,dev-data/mutual/dev/dev_306.txt,B,C,False
231,dev-data/mutual/dev/dev_307.txt,C,D,False
232,dev-data/mutual/dev/dev_308.txt,D,D,True
233,dev-data/mutual/dev/dev_309.txt,C,A,False
234,dev-data/mutual/dev/dev_31.txt,C,A,False
235,dev-data/mutual/dev/dev_310.txt,A,D,False
236,dev-data/mutual/dev/dev_311.txt,D,C,False
237,dev-data/mutual/dev/dev_312.txt,A,B,False
238,dev-data/mutual/dev/dev_313.txt,A,D,False
239,dev-data/mutual/dev/dev_314.txt,D,A,False
240,dev-data/mutual/dev/dev_315.txt,B,A,False
241,dev-data/mutual/dev/dev_316.txt,A,D,False
242,dev-data/mutual/dev/dev_317.txt,C,D,False
243,dev-data/mutual/dev/dev_318.txt,A,B,False
244,dev-data/mutual/dev/dev_319.txt,C,C,True
245,dev-data/mutual/dev/dev_32.txt,B,A,False
246,dev-data/mutual/dev/dev_320.txt,D,D,True
247,dev-data/mutual/dev/dev_321.txt,A,D,False
248,dev-data/mutual/dev/dev_322.txt,A,B,False
249,dev-data/mutual/dev/dev_323.txt,D,B,False
250,dev-data/mutual/dev/dev_324.txt,A,B,False
251,dev-data/mutual/dev/dev_325.txt,A,A,True
252,dev-data/mutual/dev/dev_326.txt,B,C,False
253,dev-data/mutual/dev/dev_327.txt,C,B,False
254,dev-data/mutual/dev/dev_328.txt,B,D,False
255,dev-data/mutual/dev/dev_329.txt,A,C,False
256,dev-data/mutual/dev/dev_33.txt,D,B,False
257,dev-data/mutual/dev/dev_330.txt,B,C,False
258,dev-data/mutual/dev/dev_331.txt,D,B,False
259,dev-data/mutual/dev/dev_332.txt,A,C,False
260,dev-data/mutual/dev/dev_333.txt,D,C,False
261,dev-data/mutual/dev/dev_334.txt,D,B,False
262,dev-data/mutual/dev/dev_335.txt,C,B,False
263,dev-data/mutual/dev/dev_336.txt,A,B,False
264,dev-data/mutual/dev/dev_337.txt,D,C,False
265,dev-data/mutual/dev/dev_338.txt,A,C,False
266,dev-data/mutual/dev/dev_339.txt,D,D,True
267,dev-data/mutual/dev/dev_34.txt,B,A,False
268,dev-data/mutual/dev/dev_340.txt,B,D,False
269,dev-data/mutual/dev/dev_341.txt,A,B,False
270,dev-data/mutual/dev/dev_342.txt,C,D,False
271,dev-data/mutual/dev/dev_343.txt,A,A,True
272,dev-data/mutual/dev/dev_344.txt,C,C,True
273,dev-data/mutual/dev/dev_345.txt,B,D,False
274,dev-data/mutual/dev/dev_346.txt,D,B,False
275,dev-data/mutual/dev/dev_347.txt,D,C,False
276,dev-data/mutual/dev/dev_348.txt,B,A,False
277,dev-data/mutual/dev/dev_349.txt,C,D,False
278,dev-data/mutual/dev/dev_35.txt,A,A,True
279,dev-data/mutual/dev/dev_350.txt,A,C,False
280,dev-data/mutual/dev/dev_351.txt,B,A,False
281,dev-data/mutual/dev/dev_352.txt,B,B,True
282,dev-data/mutual/dev/dev_353.txt,C,B,False
283,dev-data/mutual/dev/dev_354.txt,A,D,False
284,dev-data/mutual/dev/dev_355.txt,A,B,False
285,dev-data/mutual/dev/dev_356.txt,A,A,True
286,dev-data/mutual/dev/dev_357.txt,C,B,False
287,dev-data/mutual/dev/dev_358.txt,B,B,True
288,dev-data/mutual/dev/dev_359.txt,A,C,False
289,dev-data/mutual/dev/dev_36.txt,D,D,True
290,dev-data/mutual/dev/dev_360.txt,D,A,False
291,dev-data/mutual/dev/dev_361.txt,B,B,True
292,dev-data/mutual/dev/dev_362.txt,A,D,False
293,dev-data/mutual/dev/dev_363.txt,C,D,False
294,dev-data/mutual/dev/dev_364.txt,C,D,False
295,dev-data/mutual/dev/dev_365.txt,D,C,False
296,dev-data/mutual/dev/dev_366.txt,D,B,False
297,dev-data/mutual/dev/dev_367.txt,A,A,True
298,dev-data/mutual/dev/dev_368.txt,D,A,False
299,dev-data/mutual/dev/dev_369.txt,D,C,False
300,dev-data/mutual/dev/dev_37.txt,B,A,False
301,dev-data/mutual/dev/dev_370.txt,D,D,True
302,dev-data/mutual/dev/dev_371.txt,A,D,False
303,dev-data/mutual/dev/dev_372.txt,A,D,False
304,dev-data/mutual/dev/dev_373.txt,C,D,False
305,dev-data/mutual/dev/dev_374.txt,A,B,False
306,dev-data/mutual/dev/dev_375.txt,A,B,False
307,dev-data/mutual/dev/dev_376.txt,B,B,True
308,dev-data/mutual/dev/dev_377.txt,D,B,False
309,dev-data/mutual/dev/dev_378.txt,C,A,False
310,dev-data/mutual/dev/dev_379.txt,A,A,True
311,dev-data/mutual/dev/dev_38.txt,D,C,False
312,dev-data/mutual/dev/dev_380.txt,B,A,False
313,dev-data/mutual/dev/dev_381.txt,D,A,False
314,dev-data/mutual/dev/dev_382.txt,A,D,False
315,dev-data/mutual/dev/dev_383.txt,D,A,False
316,dev-data/mutual/dev/dev_384.txt,C,A,False
317,dev-data/mutual/dev/dev_385.txt,B,D,False
318,dev-data/mutual/dev/dev_386.txt,B,D,False
319,dev-data/mutual/dev/dev_387.txt,A,B,False
320,dev-data/mutual/dev/dev_388.txt,B,D,False
321,dev-data/mutual/dev/dev_389.txt,A,D,False
322,dev-data/mutual/dev/dev_39.txt,A,D,False
323,dev-data/mutual/dev/dev_390.txt,B,B,True
324,dev-data/mutual/dev/dev_391.txt,A,A,True
325,dev-data/mutual/dev/dev_392.txt,D,C,False
326,dev-data/mutual/dev/dev_393.txt,C,C,True
327,dev-data/mutual/dev/dev_394.txt,A,B,False
328,dev-data/mutual/dev/dev_395.txt,A,C,False
329,dev-data/mutual/dev/dev_396.txt,C,C,True
330,dev-data/mutual/dev/dev_397.txt,B,A,False
331,dev-data/mutual/dev/dev_398.txt,B,D,False
332,dev-data/mutual/dev/dev_399.txt,D,C,False
333,dev-data/mutual/dev/dev_4.txt,A,C,False
334,dev-data/mutual/dev/dev_40.txt,C,C,True
335,dev-data/mutual/dev/dev_400.txt,C,C,True
336,dev-data/mutual/dev/dev_401.txt,A,D,False
337,dev-data/mutual/dev/dev_402.txt,B,C,False
338,dev-data/mutual/dev/dev_403.txt,B,D,False
339,dev-data/mutual/dev/dev_404.txt,D,C,False
340,dev-data/mutual/dev/dev_405.txt,D,D,True
341,dev-data/mutual/dev/dev_406.txt,D,A,False
342,dev-data/mutual/dev/dev_407.txt,D,C,False
343,dev-data/mutual/dev/dev_408.txt,A,B,False
344,dev-data/mutual/dev/dev_409.txt,A,C,False
345,dev-data/mutual/dev/dev_41.txt,C,B,False
346,dev-data/mutual/dev/dev_410.txt,A,D,False
347,dev-data/mutual/dev/dev_411.txt,C,A,False
348,dev-data/mutual/dev/dev_412.txt,C,D,False
349,dev-data/mutual/dev/dev_413.txt,A,A,True
350,dev-data/mutual/dev/dev_414.txt,A,C,False
351,dev-data/mutual/dev/dev_415.txt,C,A,False
352,dev-data/mutual/dev/dev_416.txt,B,D,False
353,dev-data/mutual/dev/dev_417.txt,B,C,False
354,dev-data/mutual/dev/dev_418.txt,B,B,True
355,dev-data/mutual/dev/dev_419.txt,C,C,True
356,dev-data/mutual/dev/dev_42.txt,D,D,True
357,dev-data/mutual/dev/dev_420.txt,B,D,False
358,dev-data/mutual/dev/dev_421.txt,B,C,False
359,dev-data/mutual/dev/dev_422.txt,C,C,True
360,dev-data/mutual/dev/dev_423.txt,A,A,True
361,dev-data/mutual/dev/dev_424.txt,B,A,False
362,dev-data/mutual/dev/dev_425.txt,D,D,True
363,dev-data/mutual/dev/dev_426.txt,D,B,False
364,dev-data/mutual/dev/dev_427.txt,A,A,True
365,dev-data/mutual/dev/dev_428.txt,C,B,False
366,dev-data/mutual/dev/dev_429.txt,C,B,False
367,dev-data/mutual/dev/dev_43.txt,C,C,True
368,dev-data/mutual/dev/dev_430.txt,B,A,False
369,dev-data/mutual/dev/dev_431.txt,B,B,True
370,dev-data/mutual/dev/dev_432.txt,C,B,False
371,dev-data/mutual/dev/dev_433.txt,C,C,True
372,dev-data/mutual/dev/dev_434.txt,A,A,True
373,dev-data/mutual/dev/dev_435.txt,D,B,False
374,dev-data/mutual/dev/dev_436.txt,B,C,False
375,dev-data/mutual/dev/dev_437.txt,A,D,False
376,dev-data/mutual/dev/dev_438.txt,C,B,False
377,dev-data/mutual/dev/dev_439.txt,B,A,False
378,dev-data/mutual/dev/dev_44.txt,A,A,True
379,dev-data/mutual/dev/dev_440.txt,C,A,False
380,dev-data/mutual/dev/dev_441.txt,B,B,True
381,dev-data/mutual/dev/dev_442.txt,B,D,False
382,dev-data/mutual/dev/dev_443.txt,B,C,False
383,dev-data/mutual/dev/dev_444.txt,C,D,False
384,dev-data/mutual/dev/dev_445.txt,A,D,False
385,dev-data/mutual/dev/dev_446.txt,D,A,False
386,dev-data/mutual/dev/dev_447.txt,B,D,False
387,dev-data/mutual/dev/dev_448.txt,D,B,False
388,dev-data/mutual/dev/dev_449.txt,C,A,False
389,dev-data/mutual/dev/dev_45.txt,D,A,False
390,dev-data/mutual/dev/dev_450.txt,C,A,False
391,dev-data/mutual/dev/dev_451.txt,A,D,False
392,dev-data/mutual/dev/dev_452.txt,A,B,False
393,dev-data/mutual/dev/dev_453.txt,B,A,False
394,dev-data/mutual/dev/dev_454.txt,A,A,True
395,dev-data/mutual/dev/dev_455.txt,D,D,True
396,dev-data/mutual/dev/dev_456.txt,A,A,True
397,dev-data/mutual/dev/dev_457.txt,A,D,False
398,dev-data/mutual/dev/dev_458.txt,C,D,False
399,dev-data/mutual/dev/dev_459.txt,A,B,False
400,dev-data/mutual/dev/dev_46.txt,D,C,False
401,dev-data/mutual/dev/dev_460.txt,C,C,True
402,dev-data/mutual/dev/dev_461.txt,D,B,False
403,dev-data/mutual/dev/dev_462.txt,B,D,False
404,dev-data/mutual/dev/dev_463.txt,D,B,False
405,dev-data/mutual/dev/dev_464.txt,D,B,False
406,dev-data/mutual/dev/dev_465.txt,D,B,False
407,dev-data/mutual/dev/dev_466.txt,C,A,False
408,dev-data/mutual/dev/dev_467.txt,B,A,False
409,dev-data/mutual/dev/dev_468.txt,D,D,True
410,dev-data/mutual/dev/dev_469.txt,C,D,False
411,dev-data/mutual/dev/dev_47.txt,C,C,True
412,dev-data/mutual/dev/dev_470.txt,D,A,False
413,dev-data/mutual/dev/dev_471.txt,D,A,False
414,dev-data/mutual/dev/dev_472.txt,B,C,False
415,dev-data/mutual/dev/dev_473.txt,B,A,False
416,dev-data/mutual/dev/dev_474.txt,C,C,True
417,dev-data/mutual/dev/dev_475.txt,C,C,True
418,dev-data/mutual/dev/dev_476.txt,A,D,False
419,dev-data/mutual/dev/dev_477.txt,C,B,False
420,dev-data/mutual/dev/dev_478.txt,C,A,False
421,dev-data/mutual/dev/dev_479.txt,D,B,False
422,dev-data/mutual/dev/dev_48.txt,B,B,True
423,dev-data/mutual/dev/dev_480.txt,A,A,True
424,dev-data/mutual/dev/dev_481.txt,D,A,False
425,dev-data/mutual/dev/dev_482.txt,B,A,False
426,dev-data/mutual/dev/dev_483.txt,A,D,False
427,dev-data/mutual/dev/dev_484.txt,D,B,False
428,dev-data/mutual/dev/dev_485.txt,C,A,False
429,dev-data/mutual/dev/dev_486.txt,B,A,False
430,dev-data/mutual/dev/dev_487.txt,A,D,False
431,dev-data/mutual/dev/dev_488.txt,C,B,False
432,dev-data/mutual/dev/dev_489.txt,A,D,False
433,dev-data/mutual/dev/dev_49.txt,B,D,False
434,dev-data/mutual/dev/dev_490.txt,C,D,False
435,dev-data/mutual/dev/dev_491.txt,C,B,False
436,dev-data/mutual/dev/dev_492.txt,C,D,False
437,dev-data/mutual/dev/dev_493.txt,B,A,False
438,dev-data/mutual/dev/dev_494.txt,A,C,False
439,dev-data/mutual/dev/dev_495.txt,A,C,False
440,dev-data/mutual/dev/dev_496.txt,D,D,True
441,dev-data/mutual/dev/dev_497.txt,A,B,False
442,dev-data/mutual/dev/dev_498.txt,B,C,False
443,dev-data/mutual/dev/dev_499.txt,D,D,True
444,dev-data/mutual/dev/dev_5.txt,A,C,False
445,dev-data/mutual/dev/dev_50.txt,A,C,False
446,dev-data/mutual/dev/dev_500.txt,C,C,True
447,dev-data/mutual/dev/dev_501.txt,C,B,False
448,dev-data/mutual/dev/dev_502.txt,B,A,False
449,dev-data/mutual/dev/dev_503.txt,A,C,False
450,dev-data/mutual/dev/dev_504.txt,D,B,False
451,dev-data/mutual/dev/dev_505.txt,C,C,True
452,dev-data/mutual/dev/dev_506.txt,C,B,False
453,dev-data/mutual/dev/dev_507.txt,B,C,False
454,dev-data/mutual/dev/dev_508.txt,A,C,False
455,dev-data/mutual/dev/dev_509.txt,D,C,False
456,dev-data/mutual/dev/dev_51.txt,C,B,False
457,dev-data/mutual/dev/dev_510.txt,A,C,False
458,dev-data/mutual/dev/dev_511.txt,B,B,True
459,dev-data/mutual/dev/dev_512.txt,C,D,False
460,dev-data/mutual/dev/dev_513.txt,D,D,True
461,dev-data/mutual/dev/dev_514.txt,D,C,False
462,dev-data/mutual/dev/dev_515.txt,C,D,False
463,dev-data/mutual/dev/dev_516.txt,C,C,True
464,dev-data/mutual/dev/dev_517.txt,A,B,False
465,dev-data/mutual/dev/dev_518.txt,C,C,True
466,dev-data/mutual/dev/dev_519.txt,C,B,False
467,dev-data/mutual/dev/dev_52.txt,D,C,False
468,dev-data/mutual/dev/dev_520.txt,A,B,False
469,dev-data/mutual/dev/dev_521.txt,B,C,False
470,dev-data/mutual/dev/dev_522.txt,B,A,False
471,dev-data/mutual/dev/dev_523.txt,A,C,False
472,dev-data/mutual/dev/dev_524.txt,C,D,False
473,dev-data/mutual/dev/dev_525.txt,B,D,False
474,dev-data/mutual/dev/dev_526.txt,C,B,False
475,dev-data/mutual/dev/dev_527.txt,A,C,False
476,dev-data/mutual/dev/dev_528.txt,A,A,True
477,dev-data/mutual/dev/dev_529.txt,C,B,False
478,dev-data/mutual/dev/dev_53.txt,A,D,False
479,dev-data/mutual/dev/dev_530.txt,A,D,False
480,dev-data/mutual/dev/dev_531.txt,B,D,False
481,dev-data/mutual/dev/dev_532.txt,D,A,False
482,dev-data/mutual/dev/dev_533.txt,B,D,False
483,dev-data/mutual/dev/dev_534.txt,D,D,True
484,dev-data/mutual/dev/dev_535.txt,C,D,False
485,dev-data/mutual/dev/dev_536.txt,D,C,False
486,dev-data/mutual/dev/dev_537.txt,D,B,False
487,dev-data/mutual/dev/dev_538.txt,C,A,False
488,dev-data/mutual/dev/dev_539.txt,C,B,False
489,dev-data/mutual/dev/dev_54.txt,C,B,False
490,dev-data/mutual/dev/dev_540.txt,A,A,True
491,dev-data/mutual/dev/dev_541.txt,D,D,True
492,dev-data/mutual/dev/dev_542.txt,D,A,False
493,dev-data/mutual/dev/dev_543.txt,B,B,True
494,dev-data/mutual/dev/dev_544.txt,C,D,False
495,dev-data/mutual/dev/dev_545.txt,D,D,True
496,dev-data/mutual/dev/dev_546.txt,B,C,False
497,dev-data/mutual/dev/dev_547.txt,D,C,False
498,dev-data/mutual/dev/dev_548.txt,B,C,False
499,dev-data/mutual/dev/dev_549.txt,C,C,True
500,dev-data/mutual/dev/dev_55.txt,D,A,False
501,dev-data/mutual/dev/dev_550.txt,A,A,True
502,dev-data/mutual/dev/dev_551.txt,C,D,False
503,dev-data/mutual/dev/dev_552.txt,D,A,False
504,dev-data/mutual/dev/dev_553.txt,A,D,False
505,dev-data/mutual/dev/dev_554.txt,B,D,False
506,dev-data/mutual/dev/dev_555.txt,A,B,False
507,dev-data/mutual/dev/dev_556.txt,C,C,True
508,dev-data/mutual/dev/dev_557.txt,A,D,False
509,dev-data/mutual/dev/dev_558.txt,B,C,False
510,dev-data/mutual/dev/dev_559.txt,A,D,False
511,dev-data/mutual/dev/dev_56.txt,B,A,False
512,dev-data/mutual/dev/dev_560.txt,A,A,True
513,dev-data/mutual/dev/dev_561.txt,D,B,False
514,dev-data/mutual/dev/dev_562.txt,A,D,False
515,dev-data/mutual/dev/dev_563.txt,A,C,False
516,dev-data/mutual/dev/dev_564.txt,C,B,False
517,dev-data/mutual/dev/dev_565.txt,D,B,False
518,dev-data/mutual/dev/dev_566.txt,B,B,True
519,dev-data/mutual/dev/dev_567.txt,A,D,False
520,dev-data/mutual/dev/dev_568.txt,B,C,False
521,dev-data/mutual/dev/dev_569.txt,A,D,False
522,dev-data/mutual/dev/dev_57.txt,B,D,False
523,dev-data/mutual/dev/dev_570.txt,B,C,False
524,dev-data/mutual/dev/dev_571.txt,D,A,False
525,dev-data/mutual/dev/dev_572.txt,D,D,True
526,dev-data/mutual/dev/dev_573.txt,A,D,False
527,dev-data/mutual/dev/dev_574.txt,D,B,False
528,dev-data/mutual/dev/dev_575.txt,D,C,False
529,dev-data/mutual/dev/dev_576.txt,A,B,False
530,dev-data/mutual/dev/dev_577.txt,B,D,False
531,dev-data/mutual/dev/dev_578.txt,A,A,True
532,dev-data/mutual/dev/dev_579.txt,D,D,True
533,dev-data/mutual/dev/dev_58.txt,B,A,False
534,dev-data/mutual/dev/dev_580.txt,B,C,False
535,dev-data/mutual/dev/dev_581.txt,C,C,True
536,dev-data/mutual/dev/dev_582.txt,D,D,True
537,dev-data/mutual/dev/dev_583.txt,D,D,True
538,dev-data/mutual/dev/dev_584.txt,D,C,False
539,dev-data/mutual/dev/dev_585.txt,C,D,False
540,dev-data/mutual/dev/dev_586.txt,D,C,False
541,dev-data/mutual/dev/dev_587.txt,D,B,False
542,dev-data/mutual/dev/dev_588.txt,B,A,False
543,dev-data/mutual/dev/dev_589.txt,B,B,True
544,dev-data/mutual/dev/dev_59.txt,B,D,False
545,dev-data/mutual/dev/dev_590.txt,C,A,False
546,dev-data/mutual/dev/dev_591.txt,D,B,False
547,dev-data/mutual/dev/dev_592.txt,B,B,True
548,dev-data/mutual/dev/dev_593.txt,A,B,False
549,dev-data/mutual/dev/dev_594.txt,A,A,True
550,dev-data/mutual/dev/dev_595.txt,C,D,False
551,dev-data/mutual/dev/dev_596.txt,C,B,False
552,dev-data/mutual/dev/dev_597.txt,C,B,False
553,dev-data/mutual/dev/dev_598.txt,D,C,False
554,dev-data/mutual/dev/dev_599.txt,B,C,False
555,dev-data/mutual/dev/dev_6.txt,C,A,False
556,dev-data/mutual/dev/dev_60.txt,A,C,False
557,dev-data/mutual/dev/dev_600.txt,C,B,False
558,dev-data/mutual/dev/dev_601.txt,D,B,False
559,dev-data/mutual/dev/dev_602.txt,C,A,False
560,dev-data/mutual/dev/dev_603.txt,D,C,False
561,dev-data/mutual/dev/dev_604.txt,D,B,False
562,dev-data/mutual/dev/dev_605.txt,C,B,False
563,dev-data/mutual/dev/dev_606.txt,B,B,True
564,dev-data/mutual/dev/dev_607.txt,C,B,False
565,dev-data/mutual/dev/dev_608.txt,A,D,False
566,dev-data/mutual/dev/dev_609.txt,A,A,True
567,dev-data/mutual/dev/dev_61.txt,B,C,False
568,dev-data/mutual/dev/dev_610.txt,C,A,False
569,dev-data/mutual/dev/dev_611.txt,C,B,False
570,dev-data/mutual/dev/dev_612.txt,A,A,True
571,dev-data/mutual/dev/dev_613.txt,C,C,True
572,dev-data/mutual/dev/dev_614.txt,C,C,True
573,dev-data/mutual/dev/dev_615.txt,A,B,False
574,dev-data/mutual/dev/dev_616.txt,C,B,False
575,dev-data/mutual/dev/dev_617.txt,C,C,True
576,dev-data/mutual/dev/dev_618.txt,A,B,False
577,dev-data/mutual/dev/dev_619.txt,D,D,True
578,dev-data/mutual/dev/dev_62.txt,D,A,False
579,dev-data/mutual/dev/dev_620.txt,D,D,True
580,dev-data/mutual/dev/dev_621.txt,D,D,True
581,dev-data/mutual/dev/dev_622.txt,C,D,False
582,dev-data/mutual/dev/dev_623.txt,A,B,False
583,dev-data/mutual/dev/dev_624.txt,B,B,True
584,dev-data/mutual/dev/dev_625.txt,C,C,True
585,dev-data/mutual/dev/dev_626.txt,C,B,False
586,dev-data/mutual/dev/dev_627.txt,A,A,True
587,dev-data/mutual/dev/dev_628.txt,B,D,False
588,dev-data/mutual/dev/dev_629.txt,C,A,False
589,dev-data/mutual/dev/dev_63.txt,A,C,False
590,dev-data/mutual/dev/dev_630.txt,A,A,True
591,dev-data/mutual/dev/dev_631.txt,B,C,False
592,dev-data/mutual/dev/dev_632.txt,D,B,False
593,dev-data/mutual/dev/dev_633.txt,A,C,False
594,dev-data/mutual/dev/dev_634.txt,B,C,False
595,dev-data/mutual/dev/dev_635.txt,C,A,False
596,dev-data/mutual/dev/dev_636.txt,D,A,False
597,dev-data/mutual/dev/dev_637.txt,C,D,False
598,dev-data/mutual/dev/dev_638.txt,D,B,False
599,dev-data/mutual/dev/dev_639.txt,C,B,False
600,dev-data/mutual/dev/dev_64.txt,D,D,True
601,dev-data/mutual/dev/dev_640.txt,A,D,False
602,dev-data/mutual/dev/dev_641.txt,D,C,False
603,dev-data/mutual/dev/dev_642.txt,C,C,True
604,dev-data/mutual/dev/dev_643.txt,A,C,False
605,dev-data/mutual/dev/dev_644.txt,A,A,True
606,dev-data/mutual/dev/dev_645.txt,D,D,True
607,dev-data/mutual/dev/dev_646.txt,A,B,False
608,dev-data/mutual/dev/dev_647.txt,D,D,True
609,dev-data/mutual/dev/dev_648.txt,D,A,False
610,dev-data/mutual/dev/dev_649.txt,C,B,False
611,dev-data/mutual/dev/dev_65.txt,B,A,False
612,dev-data/mutual/dev/dev_650.txt,A,A,True
613,dev-data/mutual/dev/dev_651.txt,A,D,False
614,dev-data/mutual/dev/dev_652.txt,A,C,False
615,dev-data/mutual/dev/dev_653.txt,B,B,True
616,dev-data/mutual/dev/dev_654.txt,D,C,False
617,dev-data/mutual/dev/dev_655.txt,D,A,False
618,dev-data/mutual/dev/dev_656.txt,A,D,False
619,dev-data/mutual/dev/dev_657.txt,B,D,False
620,dev-data/mutual/dev/dev_658.txt,C,D,False
621,dev-data/mutual/dev/dev_659.txt,B,B,True
622,dev-data/mutual/dev/dev_66.txt,D,D,True
623,dev-data/mutual/dev/dev_660.txt,C,D,False
624,dev-data/mutual/dev/dev_661.txt,C,A,False
625,dev-data/mutual/dev/dev_662.txt,C,D,False
626,dev-data/mutual/dev/dev_663.txt,D,B,False
627,dev-data/mutual/dev/dev_664.txt,C,D,False
628,dev-data/mutual/dev/dev_665.txt,B,C,False
629,dev-data/mutual/dev/dev_666.txt,C,B,False
630,dev-data/mutual/dev/dev_667.txt,A,B,False
631,dev-data/mutual/dev/dev_668.txt,B,D,False
632,dev-data/mutual/dev/dev_669.txt,D,B,False
633,dev-data/mutual/dev/dev_67.txt,A,C,False
634,dev-data/mutual/dev/dev_670.txt,B,D,False
635,dev-data/mutual/dev/dev_671.txt,C,B,False
636,dev-data/mutual/dev/dev_672.txt,B,A,False
637,dev-data/mutual/dev/dev_673.txt,A,D,False
638,dev-data/mutual/dev/dev_674.txt,D,D,True
639,dev-data/mutual/dev/dev_675.txt,D,B,False
640,dev-data/mutual/dev/dev_676.txt,C,B,False
641,dev-data/mutual/dev/dev_677.txt,A,B,False
642,dev-data/mutual/dev/dev_678.txt,D,A,False
643,dev-data/mutual/dev/dev_679.txt,C,D,False
644,dev-data/mutual/dev/dev_68.txt,C,D,False
645,dev-data/mutual/dev/dev_680.txt,B,A,False
646,dev-data/mutual/dev/dev_681.txt,A,C,False
647,dev-data/mutual/dev/dev_682.txt,B,C,False
648,dev-data/mutual/dev/dev_683.txt,A,A,True
649,dev-data/mutual/dev/dev_684.txt,A,A,True
650,dev-data/mutual/dev/dev_685.txt,B,D,False
651,dev-data/mutual/dev/dev_686.txt,C,B,False
652,dev-data/mutual/dev/dev_687.txt,D,D,True
653,dev-data/mutual/dev/dev_688.txt,B,B,True
654,dev-data/mutual/dev/dev_689.txt,A,B,False
655,dev-data/mutual/dev/dev_69.txt,C,C,True
656,dev-data/mutual/dev/dev_690.txt,C,D,False
657,dev-data/mutual/dev/dev_691.txt,C,A,False
658,dev-data/mutual/dev/dev_692.txt,C,D,False
659,dev-data/mutual/dev/dev_693.txt,D,B,False
660,dev-data/mutual/dev/dev_694.txt,B,B,True
661,dev-data/mutual/dev/dev_695.txt,D,C,False
662,dev-data/mutual/dev/dev_696.txt,D,B,False
663,dev-data/mutual/dev/dev_697.txt,C,C,True
664,dev-data/mutual/dev/dev_698.txt,D,C,False
665,dev-data/mutual/dev/dev_699.txt,A,D,False
666,dev-data/mutual/dev/dev_7.txt,B,B,True
667,dev-data/mutual/dev/dev_70.txt,C,D,False
668,dev-data/mutual/dev/dev_700.txt,A,D,False
669,dev-data/mutual/dev/dev_701.txt,D,C,False
670,dev-data/mutual/dev/dev_702.txt,D,C,False
671,dev-data/mutual/dev/dev_703.txt,B,A,False
672,dev-data/mutual/dev/dev_704.txt,C,D,False
673,dev-data/mutual/dev/dev_705.txt,A,D,False
674,dev-data/mutual/dev/dev_706.txt,B,B,True
675,dev-data/mutual/dev/dev_707.txt,A,A,True
676,dev-data/mutual/dev/dev_708.txt,C,C,True
677,dev-data/mutual/dev/dev_709.txt,D,B,False
678,dev-data/mutual/dev/dev_71.txt,A,B,False
679,dev-data/mutual/dev/dev_710.txt,C,D,False
680,dev-data/mutual/dev/dev_711.txt,D,C,False
681,dev-data/mutual/dev/dev_712.txt,C,D,False
682,dev-data/mutual/dev/dev_713.txt,D,A,False
683,dev-data/mutual/dev/dev_714.txt,B,D,False
684,dev-data/mutual/dev/dev_715.txt,B,A,False
685,dev-data/mutual/dev/dev_716.txt,C,C,True
686,dev-data/mutual/dev/dev_717.txt,B,D,False
687,dev-data/mutual/dev/dev_718.txt,D,A,False
688,dev-data/mutual/dev/dev_719.txt,A,D,False
689,dev-data/mutual/dev/dev_72.txt,B,D,False
690,dev-data/mutual/dev/dev_720.txt,C,C,True
691,dev-data/mutual/dev/dev_721.txt,A,B,False
692,dev-data/mutual/dev/dev_722.txt,A,B,False
693,dev-data/mutual/dev/dev_723.txt,B,B,True
694,dev-data/mutual/dev/dev_724.txt,A,B,False
695,dev-data/mutual/dev/dev_725.txt,D,D,True
696,dev-data/mutual/dev/dev_726.txt,C,C,True
697,dev-data/mutual/dev/dev_727.txt,A,D,False
698,dev-data/mutual/dev/dev_728.txt,A,C,False
699,dev-data/mutual/dev/dev_729.txt,C,D,False
700,dev-data/mutual/dev/dev_73.txt,A,C,False
701,dev-data/mutual/dev/dev_730.txt,C,D,False
702,dev-data/mutual/dev/dev_731.txt,D,B,False
703,dev-data/mutual/dev/dev_732.txt,C,C,True
704,dev-data/mutual/dev/dev_733.txt,A,A,True
705,dev-data/mutual/dev/dev_734.txt,D,D,True
706,dev-data/mutual/dev/dev_735.txt,D,D,True
707,dev-data/mutual/dev/dev_736.txt,D,D,True
708,dev-data/mutual/dev/dev_737.txt,B,A,False
709,dev-data/mutual/dev/dev_738.txt,D,A,False
710,dev-data/mutual/dev/dev_739.txt,C,B,False
711,dev-data/mutual/dev/dev_74.txt,C,D,False
712,dev-data/mutual/dev/dev_740.txt,B,B,True
713,dev-data/mutual/dev/dev_741.txt,B,D,False
714,dev-data/mutual/dev/dev_742.txt,D,C,False
715,dev-data/mutual/dev/dev_743.txt,D,A,False
716,dev-data/mutual/dev/dev_744.txt,D,C,False
717,dev-data/mutual/dev/dev_745.txt,B,D,False
718,dev-data/mutual/dev/dev_746.txt,B,C,False
719,dev-data/mutual/dev/dev_747.txt,A,C,False
720,dev-data/mutual/dev/dev_748.txt,A,C,False
721,dev-data/mutual/dev/dev_749.txt,C,A,False
722,dev-data/mutual/dev/dev_75.txt,D,B,False
723,dev-data/mutual/dev/dev_750.txt,D,C,False
724,dev-data/mutual/dev/dev_751.txt,D,D,True
725,dev-data/mutual/dev/dev_752.txt,A,C,False
726,dev-data/mutual/dev/dev_753.txt,B,C,False
727,dev-data/mutual/dev/dev_754.txt,D,A,False
728,dev-data/mutual/dev/dev_755.txt,C,B,False
729,dev-data/mutual/dev/dev_756.txt,B,C,False
730,dev-data/mutual/dev/dev_757.txt,C,D,False
731,dev-data/mutual/dev/dev_758.txt,C,A,False
732,dev-data/mutual/dev/dev_759.txt,B,D,False
733,dev-data/mutual/dev/dev_76.txt,B,B,True
734,dev-data/mutual/dev/dev_760.txt,D,A,False
735,dev-data/mutual/dev/dev_761.txt,C,A,False
736,dev-data/mutual/dev/dev_762.txt,A,C,False
737,dev-data/mutual/dev/dev_763.txt,A,B,False
738,dev-data/mutual/dev/dev_764.txt,B,A,False
739,dev-data/mutual/dev/dev_765.txt,D,B,False
740,dev-data/mutual/dev/dev_766.txt,B,D,False
741,dev-data/mutual/dev/dev_767.txt,B,C,False
742,dev-data/mutual/dev/dev_768.txt,B,D,False
743,dev-data/mutual/dev/dev_769.txt,C,D,False
744,dev-data/mutual/dev/dev_77.txt,B,A,False
745,dev-data/mutual/dev/dev_770.txt,B,A,False
746,dev-data/mutual/dev/dev_771.txt,A,C,False
747,dev-data/mutual/dev/dev_772.txt,D,C,False
748,dev-data/mutual/dev/dev_773.txt,C,B,False
749,dev-data/mutual/dev/dev_774.txt,D,B,False
750,dev-data/mutual/dev/dev_775.txt,B,D,False
751,dev-data/mutual/dev/dev_776.txt,B,C,False
752,dev-data/mutual/dev/dev_777.txt,B,C,False
753,dev-data/mutual/dev/dev_778.txt,C,B,False
754,dev-data/mutual/dev/dev_779.txt,A,A,True
755,dev-data/mutual/dev/dev_78.txt,D,A,False
756,dev-data/mutual/dev/dev_780.txt,C,C,True
757,dev-data/mutual/dev/dev_781.txt,B,D,False
758,dev-data/mutual/dev/dev_782.txt,B,C,False
759,dev-data/mutual/dev/dev_783.txt,B,D,False
760,dev-data/mutual/dev/dev_784.txt,B,A,False
761,dev-data/mutual/dev/dev_785.txt,C,D,False
762,dev-data/mutual/dev/dev_786.txt,A,C,False
763,dev-data/mutual/dev/dev_787.txt,A,A,True
764,dev-data/mutual/dev/dev_788.txt,B,C,False
765,dev-data/mutual/dev/dev_789.txt,B,A,False
766,dev-data/mutual/dev/dev_79.txt,B,A,False
767,dev-data/mutual/dev/dev_790.txt,A,A,True
768,dev-data/mutual/dev/dev_791.txt,B,D,False
769,dev-data/mutual/dev/dev_792.txt,B,B,True
770,dev-data/mutual/dev/dev_793.txt,D,A,False
771,dev-data/mutual/dev/dev_794.txt,C,C,True
772,dev-data/mutual/dev/dev_795.txt,D,B,False
773,dev-data/mutual/dev/dev_796.txt,A,D,False
774,dev-data/mutual/dev/dev_797.txt,B,B,True
775,dev-data/mutual/dev/dev_798.txt,C,C,True
776,dev-data/mutual/dev/dev_799.txt,A,A,True
777,dev-data/mutual/dev/dev_8.txt,D,D,True
778,dev-data/mutual/dev/dev_80.txt,D,C,False
779,dev-data/mutual/dev/dev_800.txt,C,D,False
780,dev-data/mutual/dev/dev_801.txt,A,A,True
781,dev-data/mutual/dev/dev_802.txt,D,A,False
782,dev-data/mutual/dev/dev_803.txt,A,A,True
783,dev-data/mutual/dev/dev_804.txt,B,A,False
784,dev-data/mutual/dev/dev_805.txt,A,A,True
785,dev-data/mutual/dev/dev_806.txt,C,C,True
786,dev-data/mutual/dev/dev_807.txt,C,A,False
787,dev-data/mutual/dev/dev_808.txt,C,C,True
788,dev-data/mutual/dev/dev_809.txt,B,D,False
789,dev-data/mutual/dev/dev_81.txt,D,D,True
790,dev-data/mutual/dev/dev_810.txt,B,C,False
791,dev-data/mutual/dev/dev_811.txt,C,C,True
792,dev-data/mutual/dev/dev_812.txt,B,B,True
793,dev-data/mutual/dev/dev_813.txt,A,B,False
794,dev-data/mutual/dev/dev_814.txt,C,D,False
795,dev-data/mutual/dev/dev_815.txt,B,D,False
796,dev-data/mutual/dev/dev_816.txt,B,D,False
797,dev-data/mutual/dev/dev_817.txt,C,A,False
798,dev-data/mutual/dev/dev_818.txt,C,C,True
799,dev-data/mutual/dev/dev_819.txt,A,D,False
800,dev-data/mutual/dev/dev_82.txt,C,D,False
801,dev-data/mutual/dev/dev_820.txt,C,A,False
802,dev-data/mutual/dev/dev_821.txt,C,A,False
803,dev-data/mutual/dev/dev_822.txt,A,D,False
804,dev-data/mutual/dev/dev_823.txt,B,A,False
805,dev-data/mutual/dev/dev_824.txt,D,D,True
806,dev-data/mutual/dev/dev_825.txt,B,A,False
807,dev-data/mutual/dev/dev_826.txt,C,A,False
808,dev-data/mutual/dev/dev_827.txt,A,C,False
809,dev-data/mutual/dev/dev_828.txt,B,C,False
810,dev-data/mutual/dev/dev_829.txt,D,B,False
811,dev-data/mutual/dev/dev_83.txt,C,C,True
812,dev-data/mutual/dev/dev_830.txt,A,A,True
813,dev-data/mutual/dev/dev_831.txt,B,D,False
814,dev-data/mutual/dev/dev_832.txt,C,B,False
815,dev-data/mutual/dev/dev_833.txt,D,C,False
816,dev-data/mutual/dev/dev_834.txt,C,A,False
817,dev-data/mutual/dev/dev_835.txt,C,C,True
818,dev-data/mutual/dev/dev_836.txt,D,A,False
819,dev-data/mutual/dev/dev_837.txt,D,B,False
820,dev-data/mutual/dev/dev_838.txt,A,B,False
821,dev-data/mutual/dev/dev_839.txt,D,D,True
822,dev-data/mutual/dev/dev_84.txt,C,B,False
823,dev-data/mutual/dev/dev_840.txt,D,C,False
824,dev-data/mutual/dev/dev_841.txt,A,C,False
825,dev-data/mutual/dev/dev_842.txt,D,C,False
826,dev-data/mutual/dev/dev_843.txt,B,D,False
827,dev-data/mutual/dev/dev_844.txt,D,C,False
828,dev-data/mutual/dev/dev_845.txt,A,C,False
829,dev-data/mutual/dev/dev_846.txt,C,D,False
830,dev-data/mutual/dev/dev_847.txt,A,C,False
831,dev-data/mutual/dev/dev_848.txt,A,B,False
832,dev-data/mutual/dev/dev_849.txt,A,A,True
833,dev-data/mutual/dev/dev_85.txt,A,C,False
834,dev-data/mutual/dev/dev_850.txt,C,C,True
835,dev-data/mutual/dev/dev_851.txt,A,C,False
836,dev-data/mutual/dev/dev_852.txt,C,D,False
837,dev-data/mutual/dev/dev_853.txt,C,D,False
838,dev-data/mutual/dev/dev_854.txt,B,C,False
839,dev-data/mutual/dev/dev_855.txt,A,A,True
840,dev-data/mutual/dev/dev_856.txt,C,D,False
841,dev-data/mutual/dev/dev_857.txt,B,B,True
842,dev-data/mutual/dev/dev_858.txt,D,C,False
843,dev-data/mutual/dev/dev_859.txt,A,D,False
844,dev-data/mutual/dev/dev_86.txt,C,D,False
845,dev-data/mutual/dev/dev_860.txt,B,A,False
846,dev-data/mutual/dev/dev_861.txt,C,D,False
847,dev-data/mutual/dev/dev_862.txt,B,A,False
848,dev-data/mutual/dev/dev_863.txt,D,D,True
849,dev-data/mutual/dev/dev_864.txt,C,C,True
850,dev-data/mutual/dev/dev_865.txt,D,C,False
851,dev-data/mutual/dev/dev_866.txt,C,A,False
852,dev-data/mutual/dev/dev_867.txt,C,D,False
853,dev-data/mutual/dev/dev_868.txt,D,D,True
854,dev-data/mutual/dev/dev_869.txt,D,D,True
855,dev-data/mutual/dev/dev_87.txt,B,A,False
856,dev-data/mutual/dev/dev_870.txt,A,A,True
857,dev-data/mutual/dev/dev_871.txt,C,D,False
858,dev-data/mutual/dev/dev_872.txt,D,A,False
859,dev-data/mutual/dev/dev_873.txt,B,A,False
860,dev-data/mutual/dev/dev_874.txt,B,B,True
861,dev-data/mutual/dev/dev_875.txt,B,C,False
862,dev-data/mutual/dev/dev_876.txt,D,A,False
863,dev-data/mutual/dev/dev_877.txt,D,D,True
864,dev-data/mutual/dev/dev_878.txt,D,A,False
865,dev-data/mutual/dev/dev_879.txt,C,A,False
866,dev-data/mutual/dev/dev_88.txt,D,B,False
867,dev-data/mutual/dev/dev_880.txt,B,B,True
868,dev-data/mutual/dev/dev_881.txt,C,D,False
869,dev-data/mutual/dev/dev_882.txt,A,A,True
870,dev-data/mutual/dev/dev_883.txt,D,B,False
871,dev-data/mutual/dev/dev_884.txt,D,B,False
872,dev-data/mutual/dev/dev_885.txt,D,C,False
873,dev-data/mutual/dev/dev_886.txt,C,C,True
874,dev-data/mutual/dev/dev_89.txt,A,B,False
875,dev-data/mutual/dev/dev_9.txt,C,A,False
876,dev-data/mutual/dev/dev_90.txt,B,A,False
877,dev-data/mutual/dev/dev_91.txt,B,D,False
878,dev-data/mutual/dev/dev_92.txt,B,D,False
879,dev-data/mutual/dev/dev_93.txt,C,C,True
880,dev-data/mutual/dev/dev_94.txt,A,C,False
881,dev-data/mutual/dev/dev_95.txt,A,C,False
882,dev-data/mutual/dev/dev_96.txt,A,A,True
883,dev-data/mutual/dev/dev_97.txt,D,D,True
884,dev-data/mutual/dev/dev_98.txt,A,D,False
885,dev-data/mutual/dev/dev_99.txt,C,A,False
